https://images.pexels.com/photos/2121323/pexels-photo-2121323.jpeg?auto=compress&cs=tinysrgb&dpr=1&w=500,
https://images.pexels.com/photos/4960224/pexels-photo-4960224.jpeg?auto=compress&cs=tinysrgb&dpr=1&w=500,
https://images.pexels.com/photos/4960229/pexels-photo-4960229.jpeg?auto=compress&cs=tinysrgb&dpr=1&w=500,
https://images.pexels.com/photos/3915858/pexels-photo-3915858.jpeg?auto=compress&cs=tinysrgb&dpr=1&w=500,
https://images.pexels.com/photos/2295201/pexels-photo-2295201.jpeg?auto=compress&cs=tinysrgb&dpr=1&w=500,
https://images.pexels.com/photos/4960223/pexels-photo-4960223.jpeg?auto=compress&cs=tinysrgb&dpr=1&w=500,
https://images.pexels.com/photos/4960228/pexels-photo-4960228.jpeg?auto=compress&cs=tinysrgb&dpr=1&w=500,
https://images.pexels.com/photos/4960237/pexels-photo-4960237.jpeg?auto=compress&cs=tinysrgb&dpr=1&w=500,
https://images.pexels.com/photos/3915855/pexels-photo-3915855.jpeg?auto=compress&cs=tinysrgb&dpr=1&w=500,
https://images.pexels.com/photos/4960240/pexels-photo-4960240.jpeg?auto=compress&cs=tinysrgb&dpr=1&w=500,
https://images.pexels.com/photos/4960226/pexels-photo-4960226.jpeg?auto=compress&cs=tinysrgb&dpr=1&w=500,
https://images.pexels.com/photos/4960235/pexels-photo-4960235.jpeg?auto=compress&cs=tinysrgb&dpr=1&w=500,
https://images.pexels.com/photos/3915830/pexels-photo-3915830.jpeg?auto=compress&cs=tinysrgb&dpr=1&w=500,
https://images.pexels.com/photos/3915854/pexels-photo-3915854.jpeg?auto=compress&cs=tinysrgb&dpr=1&w=500