https://images.pexels.com/photos/1105752/pexels-photo-1105752.jpeg?auto=compress&cs=tinysrgb&dpr=1&w=500,
https://images.pexels.com/photos/262945/pexels-photo-262945.jpeg?auto=compress&cs=tinysrgb&dpr=1&w=500,
https://images.pexels.com/photos/1603901/pexels-photo-1603901.jpeg?auto=compress&cs=tinysrgb&dpr=1&w=500,
https://images.pexels.com/photos/4294500/pexels-photo-4294500.jpeg?auto=compress&cs=tinysrgb&dpr=1&w=500,
https://images.pexels.com/photos/4518645/pexels-photo-4518645.jpeg?auto=compress&cs=tinysrgb&dpr=1&w=500,
https://images.pexels.com/photos/4676420/pexels-photo-4676420.jpeg?auto=compress&cs=tinysrgb&dpr=1&w=500,
https://images.pexels.com/photos/162850/cooking-cheese-sausage-parmesan-162850.jpeg?auto=compress&cs=tinysrgb&dpr=1&w=500,
https://images.pexels.com/photos/4518643/pexels-photo-4518643.jpeg?auto=compress&cs=tinysrgb&dpr=1&w=500,
https://images.pexels.com/photos/3162040/pexels-photo-3162040.jpeg?auto=compress&cs=tinysrgb&dpr=1&w=500,
https://images.pexels.com/photos/3442389/pexels-photo-3442389.jpeg?auto=compress&cs=tinysrgb&dpr=1&w=500,
https://images.pexels.com/photos/1857728/pexels-photo-1857728.jpeg?auto=compress&cs=tinysrgb&dpr=1&w=500,
https://images.pexels.com/photos/4518646/pexels-photo-4518646.jpeg?auto=compress&cs=tinysrgb&dpr=1&w=500,
https://images.pexels.com/photos/53628/pexels-photo-53628.jpeg?auto=compress&cs=tinysrgb&dpr=1&w=500,
https://images.pexels.com/photos/4551906/pexels-photo-4551906.jpeg?auto=compress&cs=tinysrgb&dpr=1&w=500,
https://images.pexels.com/photos/4676407/pexels-photo-4676407.jpeg?auto=compress&cs=tinysrgb&dpr=1&w=500,
https://images.pexels.com/photos/3619859/pexels-photo-3619859.jpeg?auto=compress&cs=tinysrgb&dpr=1&w=500,
https://images.pexels.com/photos/4518649/pexels-photo-4518649.jpeg?auto=compress&cs=tinysrgb&dpr=1&w=500,
https://images.pexels.com/photos/4518648/pexels-photo-4518648.jpeg?auto=compress&cs=tinysrgb&dpr=1&w=500,
https://images.pexels.com/photos/5225476/pexels-photo-5225476.jpeg?auto=compress&cs=tinysrgb&dpr=1&w=500,
https://images.pexels.com/photos/5584279/pexels-photo-5584279.jpeg?auto=compress&cs=tinysrgb&dpr=1&w=500,
https://images.pexels.com/photos/5584279/pexels-photo-5584279.jpeg?auto=compress&cs=tinysrgb&dpr=1&w=500,
https://images.pexels.com/photos/5584280/pexels-photo-5584280.jpeg?auto=compress&cs=tinysrgb&dpr=1&w=500,
https://images.pexels.com/photos/4518639/pexels-photo-4518639.jpeg?auto=compress&cs=tinysrgb&dpr=1&w=500,
https://images.pexels.com/photos/1543613/pexels-photo-1543613.jpeg?auto=compress&cs=tinysrgb&dpr=1&w=500,
https://images.pexels.com/photos/5225489/pexels-photo-5225489.jpeg?auto=compress&cs=tinysrgb&dpr=1&w=500,
https://images.pexels.com/photos/5225485/pexels-photo-5225485.jpeg?auto=compress&cs=tinysrgb&dpr=1&w=500,
https://images.pexels.com/photos/5225477/pexels-photo-5225477.jpeg?auto=compress&cs=tinysrgb&dpr=1&w=500,
https://images.pexels.com/photos/6275182/pexels-photo-6275182.jpeg?auto=compress&cs=tinysrgb&dpr=1&w=500,
https://images.pexels.com/photos/3761671/pexels-photo-3761671.jpeg?auto=compress&cs=tinysrgb&dpr=1&w=500,
https://images.pexels.com/photos/4109073/pexels-photo-4109073.jpeg?auto=compress&cs=tinysrgb&dpr=1&w=500,
https://images.pexels.com/photos/4113501/pexels-photo-4113501.jpeg?auto=compress&cs=tinysrgb&dpr=1&w=500,
https://images.pexels.com/photos/5894554/pexels-photo-5894554.jpeg?auto=compress&cs=tinysrgb&dpr=1&w=500,
https://images.pexels.com/photos/5627819/pexels-photo-5627819.jpeg?auto=compress&cs=tinysrgb&dpr=1&w=500,
https://images.pexels.com/photos/4639785/pexels-photo-4639785.jpeg?auto=compress&cs=tinysrgb&dpr=1&w=500,
https://images.pexels.com/photos/4639694/pexels-photo-4639694.jpeg?auto=compress&cs=tinysrgb&dpr=1&w=500,
https://images.pexels.com/photos/4639393/pexels-photo-4639393.jpeg?auto=compress&cs=tinysrgb&dpr=1&w=500,
https://images.pexels.com/photos/5696432/pexels-photo-5696432.jpeg?auto=compress&cs=tinysrgb&dpr=1&w=500,
https://images.pexels.com/photos/5696458/pexels-photo-5696458.jpeg?auto=compress&cs=tinysrgb&dpr=1&w=500,
https://images.pexels.com/photos/2862148/pexels-photo-2862148.jpeg?auto=compress&cs=tinysrgb&dpr=1&w=500,
https://images.pexels.com/photos/4113455/pexels-photo-4113455.jpeg?auto=compress&cs=tinysrgb&dpr=1&w=500,
https://images.pexels.com/photos/4113457/pexels-photo-4113457.jpeg?auto=compress&cs=tinysrgb&dpr=1&w=500,
https://images.pexels.com/photos/4113460/pexels-photo-4113460.jpeg?auto=compress&cs=tinysrgb&dpr=1&w=500,
https://images.pexels.com/photos/4113461/pexels-photo-4113461.jpeg?auto=compress&cs=tinysrgb&dpr=1&w=500,
https://images.pexels.com/photos/4113465/pexels-photo-4113465.jpeg?auto=compress&cs=tinysrgb&dpr=1&w=500,
https://images.pexels.com/photos/4113469/pexels-photo-4113469.jpeg?auto=compress&cs=tinysrgb&dpr=1&w=500,
https://images.pexels.com/photos/4113498/pexels-photo-4113498.jpeg?auto=compress&cs=tinysrgb&dpr=1&w=500,
https://images.pexels.com/photos/4113502/pexels-photo-4113502.jpeg?auto=compress&cs=tinysrgb&dpr=1&w=500,
https://images.pexels.com/photos/4113507/pexels-photo-4113507.jpeg?auto=compress&cs=tinysrgb&dpr=1&w=500,
https://images.pexels.com/photos/5732922/pexels-photo-5732922.jpeg?auto=compress&cs=tinysrgb&dpr=1&w=500,
https://images.pexels.com/photos/5848039/pexels-photo-5848039.jpeg?auto=compress&cs=tinysrgb&dpr=1&w=500,
https://images.pexels.com/photos/5848080/pexels-photo-5848080.jpeg?auto=compress&cs=tinysrgb&dpr=1&w=500,
https://images.pexels.com/photos/5677256/pexels-photo-5677256.jpeg?auto=compress&cs=tinysrgb&dpr=1&w=500,
https://images.pexels.com/photos/4790305/pexels-photo-4790305.jpeg?auto=compress&cs=tinysrgb&dpr=1&w=500,
https://images.pexels.com/photos/4790315/pexels-photo-4790315.jpeg?auto=compress&cs=tinysrgb&dpr=1&w=500,
https://images.pexels.com/photos/4790317/pexels-photo-4790317.jpeg?auto=compress&cs=tinysrgb&dpr=1&w=500,
https://images.pexels.com/photos/5146919/pexels-photo-5146919.jpeg?auto=compress&cs=tinysrgb&dpr=1&w=500,
https://images.pexels.com/photos/5088537/pexels-photo-5088537.jpeg?auto=compress&cs=tinysrgb&dpr=1&w=500,
https://images.pexels.com/photos/5093855/pexels-photo-5093855.jpeg?auto=compress&cs=tinysrgb&dpr=1&w=500,
https://images.pexels.com/photos/5093860/pexels-photo-5093860.jpeg?auto=compress&cs=tinysrgb&dpr=1&w=500,
https://images.pexels.com/photos/5093845/pexels-photo-5093845.jpeg?auto=compress&cs=tinysrgb&dpr=1&w=500,
https://images.pexels.com/photos/3774288/pexels-photo-3774288.jpeg?auto=compress&cs=tinysrgb&dpr=1&w=500,
https://images.pexels.com/photos/5605530/pexels-photo-5605530.jpeg?auto=compress&cs=tinysrgb&dpr=1&w=500,
https://images.pexels.com/photos/6068711/pexels-photo-6068711.jpeg?auto=compress&cs=tinysrgb&dpr=1&w=500,
https://images.pexels.com/photos/5903112/pexels-photo-5903112.jpeg?auto=compress&cs=tinysrgb&dpr=1&w=500,
https://images.pexels.com/photos/5903166/pexels-photo-5903166.jpeg?auto=compress&cs=tinysrgb&dpr=1&w=500,
https://images.pexels.com/photos/5975724/pexels-photo-5975724.jpeg?auto=compress&cs=tinysrgb&dpr=1&w=500,
https://images.pexels.com/photos/5903315/pexels-photo-5903315.jpeg?auto=compress&cs=tinysrgb&dpr=1&w=500,
https://images.pexels.com/photos/4639391/pexels-photo-4639391.jpeg?auto=compress&cs=tinysrgb&dpr=1&w=500,
https://images.pexels.com/photos/4639328/pexels-photo-4639328.jpeg?auto=compress&cs=tinysrgb&dpr=1&w=500,
https://images.pexels.com/photos/4637532/pexels-photo-4637532.jpeg?auto=compress&cs=tinysrgb&dpr=1&w=500,
https://images.pexels.com/photos/4637612/pexels-photo-4637612.jpeg?auto=compress&cs=tinysrgb&dpr=1&w=500,
https://images.pexels.com/photos/5696435/pexels-photo-5696435.jpeg?auto=compress&cs=tinysrgb&dpr=1&w=500,
https://images.pexels.com/photos/4637612/pexels-photo-4637612.jpeg?auto=compress&cs=tinysrgb&dpr=1&w=500,
https://images.pexels.com/photos/5695869/pexels-photo-5695869.jpeg?auto=compress&cs=tinysrgb&dpr=1&w=500,
https://images.pexels.com/photos/4393361/pexels-photo-4393361.jpeg?auto=compress&cs=tinysrgb&dpr=1&w=500,
https://images.pexels.com/photos/5696445/pexels-photo-5696445.jpeg?auto=compress&cs=tinysrgb&dpr=1&w=500,
https://images.pexels.com/photos/5696442/pexels-photo-5696442.jpeg?auto=compress&cs=tinysrgb&dpr=1&w=500,
https://images.pexels.com/photos/5696462/pexels-photo-5696462.jpeg?auto=compress&cs=tinysrgb&dpr=1&w=500,
https://images.pexels.com/photos/5696439/pexels-photo-5696439.jpeg?auto=compress&cs=tinysrgb&dpr=1&w=500,
https://images.pexels.com/photos/5695873/pexels-photo-5695873.jpeg?auto=compress&cs=tinysrgb&dpr=1&w=500,
https://images.pexels.com/photos/5627895/pexels-photo-5627895.jpeg?auto=compress&cs=tinysrgb&dpr=1&w=500,
https://images.pexels.com/photos/5696446/pexels-photo-5696446.jpeg?auto=compress&cs=tinysrgb&dpr=1&w=500,
https://images.pexels.com/photos/4639989/pexels-photo-4639989.jpeg?auto=compress&cs=tinysrgb&dpr=1&w=500,
https://images.pexels.com/photos/5695932/pexels-photo-5695932.jpeg?auto=compress&cs=tinysrgb&dpr=1&w=500,
https://images.pexels.com/photos/5696444/pexels-photo-5696444.jpeg?auto=compress&cs=tinysrgb&dpr=1&w=500,
https://images.pexels.com/photos/5696441/pexels-photo-5696441.jpeg?auto=compress&cs=tinysrgb&dpr=1&w=500,
https://images.pexels.com/photos/5435203/pexels-photo-5435203.jpeg?auto=compress&cs=tinysrgb&dpr=1&w=500,
https://images.pexels.com/photos/5491296/pexels-photo-5491296.jpeg?auto=compress&cs=tinysrgb&dpr=1&w=500,
https://images.pexels.com/photos/4113042/pexels-photo-4113042.jpeg?auto=compress&cs=tinysrgb&dpr=1&w=500,
https://images.pexels.com/photos/4669301/pexels-photo-4669301.jpeg?auto=compress&cs=tinysrgb&dpr=1&w=500,
https://images.pexels.com/photos/5685176/pexels-photo-5685176.jpeg?auto=compress&cs=tinysrgb&dpr=1&w=500,
https://images.pexels.com/photos/5685176/pexels-photo-5685176.jpeg?auto=compress&cs=tinysrgb&dpr=1&w=500,
https://images.pexels.com/photos/5827618/pexels-photo-5827618.jpeg?auto=compress&cs=tinysrgb&dpr=1&w=500,
https://images.pexels.com/photos/5634630/pexels-photo-5634630.jpeg?auto=compress&cs=tinysrgb&dpr=1&w=500,
https://images.pexels.com/photos/5688278/pexels-photo-5688278.jpeg?auto=compress&cs=tinysrgb&dpr=1&w=500,
https://images.pexels.com/photos/5463890/pexels-photo-5463890.jpeg?auto=compress&cs=tinysrgb&dpr=1&w=500,
https://images.pexels.com/photos/5017806/pexels-photo-5017806.jpeg?auto=compress&cs=tinysrgb&dpr=1&w=500,
https://images.pexels.com/photos/5017829/pexels-photo-5017829.jpeg?auto=compress&cs=tinysrgb&dpr=1&w=500,
https://images.pexels.com/photos/5059472/pexels-photo-5059472.jpeg?auto=compress&cs=tinysrgb&dpr=1&w=500,
https://images.pexels.com/photos/5491284/pexels-photo-5491284.jpeg?auto=compress&cs=tinysrgb&dpr=1&w=500,
https://images.pexels.com/photos/5491294/pexels-photo-5491294.jpeg?auto=compress&cs=tinysrgb&dpr=1&w=500,
https://images.pexels.com/photos/4940617/pexels-photo-4940617.jpeg?auto=compress&cs=tinysrgb&dpr=1&w=500,
https://images.pexels.com/photos/4728272/pexels-photo-4728272.jpeg?auto=compress&cs=tinysrgb&dpr=1&w=500,
https://images.pexels.com/photos/4728272/pexels-photo-4728272.jpeg?auto=compress&cs=tinysrgb&dpr=1&w=500,
https://images.pexels.com/photos/5491294/pexels-photo-5491294.jpeg?auto=compress&cs=tinysrgb&dpr=1&w=500,
https://images.pexels.com/photos/5491277/pexels-photo-5491277.jpeg?auto=compress&cs=tinysrgb&dpr=1&w=500,
https://images.pexels.com/photos/5491279/pexels-photo-5491279.jpeg?auto=compress&cs=tinysrgb&dpr=1&w=500,
https://images.pexels.com/photos/6003977/pexels-photo-6003977.jpeg?auto=compress&cs=tinysrgb&dpr=1&w=500,
https://images.pexels.com/photos/5949382/pexels-photo-5949382.jpeg?auto=compress&cs=tinysrgb&dpr=1&w=500,
https://images.pexels.com/photos/5946431/pexels-photo-5946431.jpeg?auto=compress&cs=tinysrgb&dpr=1&w=500,
https://images.pexels.com/photos/6151203/pexels-photo-6151203.jpeg?auto=compress&cs=tinysrgb&dpr=1&w=500,
https://images.pexels.com/photos/4676423/pexels-photo-4676423.jpeg?auto=compress&cs=tinysrgb&dpr=1&w=500,
https://images.pexels.com/photos/1848975/pexels-photo-1848975.jpeg?auto=compress&cs=tinysrgb&dpr=1&w=500,
https://images.pexels.com/photos/4518656/pexels-photo-4518656.jpeg?auto=compress&cs=tinysrgb&dpr=1&w=500,
https://images.pexels.com/photos/208450/pexels-photo-208450.jpeg?auto=compress&cs=tinysrgb&dpr=1&w=500,
https://images.pexels.com/photos/4518650/pexels-photo-4518650.jpeg?auto=compress&cs=tinysrgb&dpr=1&w=500,
https://images.pexels.com/photos/1275692/pexels-photo-1275692.jpeg?auto=compress&cs=tinysrgb&dpr=1&w=500,
https://images.pexels.com/photos/4915586/pexels-photo-4915586.jpeg?auto=compress&cs=tinysrgb&dpr=1&w=500,
https://images.pexels.com/photos/4518640/pexels-photo-4518640.jpeg?auto=compress&cs=tinysrgb&dpr=1&w=500,
https://images.pexels.com/photos/6012/food-holiday-vacation-summer.jpg?auto=compress&cs=tinysrgb&dpr=1&w=500,
https://images.pexels.com/photos/4518647/pexels-photo-4518647.jpeg?auto=compress&cs=tinysrgb&dpr=1&w=500,
https://images.pexels.com/photos/4676409/pexels-photo-4676409.jpeg?auto=compress&cs=tinysrgb&dpr=1&w=500,
https://images.pexels.com/photos/4551925/pexels-photo-4551925.jpeg?auto=compress&cs=tinysrgb&dpr=1&w=500,
https://images.pexels.com/photos/4577379/pexels-photo-4577379.jpeg?auto=compress&cs=tinysrgb&dpr=1&w=500,
https://images.pexels.com/photos/4676422/pexels-photo-4676422.jpeg?auto=compress&cs=tinysrgb&dpr=1&w=500,
https://images.pexels.com/photos/6013/food-holiday-vacation-summer.jpg?auto=compress&cs=tinysrgb&dpr=1&w=500,
https://images.pexels.com/photos/1552635/pexels-photo-1552635.jpeg?auto=compress&cs=tinysrgb&dpr=1&w=500,
https://images.pexels.com/photos/2299981/pexels-photo-2299981.jpeg?auto=compress&cs=tinysrgb&dpr=1&w=500,
https://images.pexels.com/photos/5584280/pexels-photo-5584280.jpeg?auto=compress&cs=tinysrgb&dpr=1&w=500,
https://images.pexels.com/photos/5584277/pexels-photo-5584277.jpeg?auto=compress&cs=tinysrgb&dpr=1&w=500,
https://images.pexels.com/photos/4518641/pexels-photo-4518641.jpeg?auto=compress&cs=tinysrgb&dpr=1&w=500,
https://images.pexels.com/photos/5225481/pexels-photo-5225481.jpeg?auto=compress&cs=tinysrgb&dpr=1&w=500,
https://images.pexels.com/photos/5225480/pexels-photo-5225480.jpeg?auto=compress&cs=tinysrgb&dpr=1&w=500,
https://images.pexels.com/photos/5225479/pexels-photo-5225479.jpeg?auto=compress&cs=tinysrgb&dpr=1&w=500,
https://images.pexels.com/photos/4294531/pexels-photo-4294531.jpeg?auto=compress&cs=tinysrgb&dpr=1&w=500,
https://images.pexels.com/photos/4109069/pexels-photo-4109069.jpeg?auto=compress&cs=tinysrgb&dpr=1&w=500,
https://images.pexels.com/photos/4109113/pexels-photo-4109113.jpeg?auto=compress&cs=tinysrgb&dpr=1&w=500,
https://images.pexels.com/photos/5853053/pexels-photo-5853053.jpeg?auto=compress&cs=tinysrgb&dpr=1&w=500,
https://images.pexels.com/photos/4294545/pexels-photo-4294545.jpeg?auto=compress&cs=tinysrgb&dpr=1&w=500,
https://images.pexels.com/photos/5696443/pexels-photo-5696443.jpeg?auto=compress&cs=tinysrgb&dpr=1&w=500,
https://images.pexels.com/photos/4637756/pexels-photo-4637756.jpeg?auto=compress&cs=tinysrgb&dpr=1&w=500,
https://images.pexels.com/photos/4078164/pexels-photo-4078164.jpeg?auto=compress&cs=tinysrgb&dpr=1&w=500,
https://images.pexels.com/photos/4637735/pexels-photo-4637735.jpeg?auto=compress&cs=tinysrgb&dpr=1&w=500,
https://images.pexels.com/photos/4637755/pexels-photo-4637755.jpeg?auto=compress&cs=tinysrgb&dpr=1&w=500,
https://images.pexels.com/photos/4113453/pexels-photo-4113453.jpeg?auto=compress&cs=tinysrgb&dpr=1&w=500,
https://images.pexels.com/photos/4113456/pexels-photo-4113456.jpeg?auto=compress&cs=tinysrgb&dpr=1&w=500,
https://images.pexels.com/photos/4113459/pexels-photo-4113459.jpeg?auto=compress&cs=tinysrgb&dpr=1&w=500,
https://images.pexels.com/photos/4113460/pexels-photo-4113460.jpeg?auto=compress&cs=tinysrgb&dpr=1&w=500,
https://images.pexels.com/photos/4113462/pexels-photo-4113462.jpeg?auto=compress&cs=tinysrgb&dpr=1&w=500,
https://images.pexels.com/photos/4113464/pexels-photo-4113464.jpeg?auto=compress&cs=tinysrgb&dpr=1&w=500,
https://images.pexels.com/photos/4113468/pexels-photo-4113468.jpeg?auto=compress&cs=tinysrgb&dpr=1&w=500,
https://images.pexels.com/photos/4113471/pexels-photo-4113471.jpeg?auto=compress&cs=tinysrgb&dpr=1&w=500,
https://images.pexels.com/photos/4113499/pexels-photo-4113499.jpeg?auto=compress&cs=tinysrgb&dpr=1&w=500,
https://images.pexels.com/photos/4113503/pexels-photo-4113503.jpeg?auto=compress&cs=tinysrgb&dpr=1&w=500,
https://images.pexels.com/photos/4113505/pexels-photo-4113505.jpeg?auto=compress&cs=tinysrgb&dpr=1&w=500,
https://images.pexels.com/photos/5584281/pexels-photo-5584281.jpeg?auto=compress&cs=tinysrgb&dpr=1&w=500,
https://images.pexels.com/photos/5848046/pexels-photo-5848046.jpeg?auto=compress&cs=tinysrgb&dpr=1&w=500,
https://images.pexels.com/photos/4790304/pexels-photo-4790304.jpeg?auto=compress&cs=tinysrgb&dpr=1&w=500,
https://images.pexels.com/photos/4790307/pexels-photo-4790307.jpeg?auto=compress&cs=tinysrgb&dpr=1&w=500,
https://images.pexels.com/photos/4790314/pexels-photo-4790314.jpeg?auto=compress&cs=tinysrgb&dpr=1&w=500,
https://images.pexels.com/photos/4790316/pexels-photo-4790316.jpeg?auto=compress&cs=tinysrgb&dpr=1&w=500,
https://images.pexels.com/photos/5202136/pexels-photo-5202136.jpeg?auto=compress&cs=tinysrgb&dpr=1&w=500,
https://images.pexels.com/photos/5093853/pexels-photo-5093853.jpeg?auto=compress&cs=tinysrgb&dpr=1&w=500,
https://images.pexels.com/photos/5093859/pexels-photo-5093859.jpeg?auto=compress&cs=tinysrgb&dpr=1&w=500,
https://images.pexels.com/photos/5093862/pexels-photo-5093862.jpeg?auto=compress&cs=tinysrgb&dpr=1&w=500,
https://images.pexels.com/photos/5093846/pexels-photo-5093846.jpeg?auto=compress&cs=tinysrgb&dpr=1&w=500,
https://images.pexels.com/photos/5589855/pexels-photo-5589855.jpeg?auto=compress&cs=tinysrgb&dpr=1&w=500,
https://images.pexels.com/photos/6004714/pexels-photo-6004714.jpeg?auto=compress&cs=tinysrgb&dpr=1&w=500,
https://images.pexels.com/photos/6107771/pexels-photo-6107771.jpeg?auto=compress&cs=tinysrgb&dpr=1&w=500,
https://images.pexels.com/photos/5903161/pexels-photo-5903161.jpeg?auto=compress&cs=tinysrgb&dpr=1&w=500,
https://images.pexels.com/photos/5903172/pexels-photo-5903172.jpeg?auto=compress&cs=tinysrgb&dpr=1&w=500,
https://images.pexels.com/photos/5903237/pexels-photo-5903237.jpeg?auto=compress&cs=tinysrgb&dpr=1&w=500,
https://images.pexels.com/photos/5903272/pexels-photo-5903272.jpeg?auto=compress&cs=tinysrgb&dpr=1&w=500,
https://images.pexels.com/photos/4110430/pexels-photo-4110430.jpeg?auto=compress&cs=tinysrgb&dpr=1&w=500,
https://images.pexels.com/photos/5023904/pexels-photo-5023904.jpeg?auto=compress&cs=tinysrgb&dpr=1&w=500,
https://images.pexels.com/photos/4637765/pexels-photo-4637765.jpeg?auto=compress&cs=tinysrgb&dpr=1&w=500,
https://images.pexels.com/photos/5627898/pexels-photo-5627898.jpeg?auto=compress&cs=tinysrgb&dpr=1&w=500,
https://images.pexels.com/photos/5695931/pexels-photo-5695931.jpeg?auto=compress&cs=tinysrgb&dpr=1&w=500,
https://images.pexels.com/photos/5696434/pexels-photo-5696434.jpeg?auto=compress&cs=tinysrgb&dpr=1&w=500,
https://images.pexels.com/photos/5696466/pexels-photo-5696466.jpeg?auto=compress&cs=tinysrgb&dpr=1&w=500,
https://images.pexels.com/photos/5696461/pexels-photo-5696461.jpeg?auto=compress&cs=tinysrgb&dpr=1&w=500,
https://images.pexels.com/photos/5695931/pexels-photo-5695931.jpeg?auto=compress&cs=tinysrgb&dpr=1&w=500,
https://images.pexels.com/photos/5695877/pexels-photo-5695877.jpeg?auto=compress&cs=tinysrgb&dpr=1&w=500,
https://images.pexels.com/photos/5696437/pexels-photo-5696437.jpeg?auto=compress&cs=tinysrgb&dpr=1&w=500,
https://images.pexels.com/photos/5695943/pexels-photo-5695943.jpeg?auto=compress&cs=tinysrgb&dpr=1&w=500,
https://images.pexels.com/photos/5696430/pexels-photo-5696430.jpeg?auto=compress&cs=tinysrgb&dpr=1&w=500,
https://images.pexels.com/photos/5696465/pexels-photo-5696465.jpeg?auto=compress&cs=tinysrgb&dpr=1&w=500,
https://images.pexels.com/photos/5627444/pexels-photo-5627444.jpeg?auto=compress&cs=tinysrgb&dpr=1&w=500,
https://images.pexels.com/photos/5696433/pexels-photo-5696433.jpeg?auto=compress&cs=tinysrgb&dpr=1&w=500,
https://images.pexels.com/photos/5695879/pexels-photo-5695879.jpeg?auto=compress&cs=tinysrgb&dpr=1&w=500,
https://images.pexels.com/photos/5627474/pexels-photo-5627474.jpeg?auto=compress&cs=tinysrgb&dpr=1&w=500,
https://images.pexels.com/photos/5627313/pexels-photo-5627313.jpeg?auto=compress&cs=tinysrgb&dpr=1&w=500,
https://images.pexels.com/photos/5696447/pexels-photo-5696447.jpeg?auto=compress&cs=tinysrgb&dpr=1&w=500,
https://images.pexels.com/photos/5696470/pexels-photo-5696470.jpeg?auto=compress&cs=tinysrgb&dpr=1&w=500,
https://images.pexels.com/photos/5696431/pexels-photo-5696431.jpeg?auto=compress&cs=tinysrgb&dpr=1&w=500,
https://images.pexels.com/photos/4158466/pexels-photo-4158466.jpeg?auto=compress&cs=tinysrgb&dpr=1&w=500,
https://images.pexels.com/photos/5720820/pexels-photo-5720820.jpeg?auto=compress&cs=tinysrgb&dpr=1&w=500,
https://images.pexels.com/photos/5640017/pexels-photo-5640017.jpeg?auto=compress&cs=tinysrgb&dpr=1&w=500,
https://images.pexels.com/photos/5634645/pexels-photo-5634645.jpeg?auto=compress&cs=tinysrgb&dpr=1&w=500,
https://images.pexels.com/photos/5634696/pexels-photo-5634696.jpeg?auto=compress&cs=tinysrgb&dpr=1&w=500,
https://images.pexels.com/photos/5463882/pexels-photo-5463882.jpeg?auto=compress&cs=tinysrgb&dpr=1&w=500,
https://images.pexels.com/photos/4748485/pexels-photo-4748485.jpeg?auto=compress&cs=tinysrgb&dpr=1&w=500,
https://images.pexels.com/photos/5017837/pexels-photo-5017837.jpeg?auto=compress&cs=tinysrgb&dpr=1&w=500,
https://images.pexels.com/photos/5253032/pexels-photo-5253032.jpeg?auto=compress&cs=tinysrgb&dpr=1&w=500,
https://images.pexels.com/photos/5250391/pexels-photo-5250391.jpeg?auto=compress&cs=tinysrgb&dpr=1&w=500,
https://images.pexels.com/photos/5491289/pexels-photo-5491289.jpeg?auto=compress&cs=tinysrgb&dpr=1&w=500,
https://images.pexels.com/photos/4728270/pexels-photo-4728270.jpeg?auto=compress&cs=tinysrgb&dpr=1&w=500,
https://images.pexels.com/photos/5017830/pexels-photo-5017830.jpeg?auto=compress&cs=tinysrgb&dpr=1&w=500,
https://images.pexels.com/photos/4728274/pexels-photo-4728274.jpeg?auto=compress&cs=tinysrgb&dpr=1&w=500,
https://images.pexels.com/photos/5491287/pexels-photo-5491287.jpeg?auto=compress&cs=tinysrgb&dpr=1&w=500,
https://images.pexels.com/photos/5491278/pexels-photo-5491278.jpeg?auto=compress&cs=tinysrgb&dpr=1&w=500,
https://images.pexels.com/photos/5500663/pexels-photo-5500663.jpeg?auto=compress&cs=tinysrgb&dpr=1&w=500,
https://images.pexels.com/photos/5894742/pexels-photo-5894742.jpeg?auto=compress&cs=tinysrgb&dpr=1&w=500,
https://images.pexels.com/photos/5953356/pexels-photo-5953356.jpeg?auto=compress&cs=tinysrgb&dpr=1&w=500,
https://images.pexels.com/photos/5935473/pexels-photo-5935473.jpeg?auto=compress&cs=tinysrgb&dpr=1&w=500,
https://images.pexels.com/photos/1857729/pexels-photo-1857729.jpeg?auto=compress&cs=tinysrgb&dpr=1&w=500,
https://images.pexels.com/photos/2126578/pexels-photo-2126578.jpeg?auto=compress&cs=tinysrgb&dpr=1&w=500,
https://images.pexels.com/photos/2261197/pexels-photo-2261197.jpeg?auto=compress&cs=tinysrgb&dpr=1&w=500,
https://images.pexels.com/photos/4676421/pexels-photo-4676421.jpeg?auto=compress&cs=tinysrgb&dpr=1&w=500,
https://images.pexels.com/photos/4518644/pexels-photo-4518644.jpeg?auto=compress&cs=tinysrgb&dpr=1&w=500,
https://images.pexels.com/photos/6027/man-people-sausages-boy.jpg?auto=compress&cs=tinysrgb&dpr=1&w=500,
https://images.pexels.com/photos/693268/pexels-photo-693268.jpeg?auto=compress&cs=tinysrgb&dpr=1&w=500,
https://images.pexels.com/photos/4551907/pexels-photo-4551907.jpeg?auto=compress&cs=tinysrgb&dpr=1&w=500,
https://images.pexels.com/photos/2262177/pexels-photo-2262177.jpeg?auto=compress&cs=tinysrgb&dpr=1&w=500,
https://images.pexels.com/photos/4518646/pexels-photo-4518646.jpeg?auto=compress&cs=tinysrgb&dpr=1&w=500,
https://images.pexels.com/photos/4552980/pexels-photo-4552980.jpeg?auto=compress&cs=tinysrgb&dpr=1&w=500,
https://images.pexels.com/photos/5589856/pexels-photo-5589856.jpeg?auto=compress&cs=tinysrgb&dpr=1&w=500,
https://images.pexels.com/photos/772515/pexels-photo-772515.png?auto=compress&cs=tinysrgb&dpr=1&w=500,
https://images.pexels.com/photos/4518657/pexels-photo-4518657.jpeg?auto=compress&cs=tinysrgb&dpr=1&w=500,
https://images.pexels.com/photos/4676419/pexels-photo-4676419.jpeg?auto=compress&cs=tinysrgb&dpr=1&w=500,
https://images.pexels.com/photos/2180877/pexels-photo-2180877.jpeg?auto=compress&cs=tinysrgb&dpr=1&w=500,
https://images.pexels.com/photos/4518655/pexels-photo-4518655.jpeg?auto=compress&cs=tinysrgb&dpr=1&w=500,
https://images.pexels.com/photos/4518642/pexels-photo-4518642.jpeg?auto=compress&cs=tinysrgb&dpr=1&w=500,
https://images.pexels.com/photos/3023479/pexels-photo-3023479.jpeg?auto=compress&cs=tinysrgb&dpr=1&w=500,
https://images.pexels.com/photos/4676402/pexels-photo-4676402.jpeg?auto=compress&cs=tinysrgb&dpr=1&w=500,
https://images.pexels.com/photos/4518638/pexels-photo-4518638.jpeg?auto=compress&cs=tinysrgb&dpr=1&w=500,
https://images.pexels.com/photos/4518653/pexels-photo-4518653.jpeg?auto=compress&cs=tinysrgb&dpr=1&w=500,
https://images.pexels.com/photos/5589835/pexels-photo-5589835.jpeg?auto=compress&cs=tinysrgb&dpr=1&w=500,
https://images.pexels.com/photos/2938932/pexels-photo-2938932.jpeg?auto=compress&cs=tinysrgb&dpr=1&w=500,
https://images.pexels.com/photos/2204769/pexels-photo-2204769.jpeg?auto=compress&cs=tinysrgb&dpr=1&w=500,
https://images.pexels.com/photos/94440/pexels-photo-94440.jpeg?auto=compress&cs=tinysrgb&dpr=1&w=500,
https://images.pexels.com/photos/4676406/pexels-photo-4676406.jpeg?auto=compress&cs=tinysrgb&dpr=1&w=500,
https://images.pexels.com/photos/5584276/pexels-photo-5584276.jpeg?auto=compress&cs=tinysrgb&dpr=1&w=500,
https://images.pexels.com/photos/4109137/pexels-photo-4109137.jpeg?auto=compress&cs=tinysrgb&dpr=1&w=500,
https://images.pexels.com/photos/4637737/pexels-photo-4637737.jpeg?auto=compress&cs=tinysrgb&dpr=1&w=500,
https://images.pexels.com/photos/4109071/pexels-photo-4109071.jpeg?auto=compress&cs=tinysrgb&dpr=1&w=500,
https://images.pexels.com/photos/4113504/pexels-photo-4113504.jpeg?auto=compress&cs=tinysrgb&dpr=1&w=500,
https://images.pexels.com/photos/5853053/pexels-photo-5853053.jpeg?auto=compress&cs=tinysrgb&dpr=1&w=500,
https://images.pexels.com/photos/4639364/pexels-photo-4639364.jpeg?auto=compress&cs=tinysrgb&dpr=1&w=500,
https://images.pexels.com/photos/4639731/pexels-photo-4639731.jpeg?auto=compress&cs=tinysrgb&dpr=1&w=500,
https://images.pexels.com/photos/4669213/pexels-photo-4669213.jpeg?auto=compress&cs=tinysrgb&dpr=1&w=500,
https://images.pexels.com/photos/4639392/pexels-photo-4639392.jpeg?auto=compress&cs=tinysrgb&dpr=1&w=500,
https://images.pexels.com/photos/5603432/pexels-photo-5603432.jpeg?auto=compress&cs=tinysrgb&dpr=1&w=500,
https://images.pexels.com/photos/5695867/pexels-photo-5695867.jpeg?auto=compress&cs=tinysrgb&dpr=1&w=500,
https://images.pexels.com/photos/4113454/pexels-photo-4113454.jpeg?auto=compress&cs=tinysrgb&dpr=1&w=500,
https://images.pexels.com/photos/4113458/pexels-photo-4113458.jpeg?auto=compress&cs=tinysrgb&dpr=1&w=500,
https://images.pexels.com/photos/4113461/pexels-photo-4113461.jpeg?auto=compress&cs=tinysrgb&dpr=1&w=500,
https://images.pexels.com/photos/4113463/pexels-photo-4113463.jpeg?auto=compress&cs=tinysrgb&dpr=1&w=500,
https://images.pexels.com/photos/4113466/pexels-photo-4113466.jpeg?auto=compress&cs=tinysrgb&dpr=1&w=500,
https://images.pexels.com/photos/4113467/pexels-photo-4113467.jpeg?auto=compress&cs=tinysrgb&dpr=1&w=500,
https://images.pexels.com/photos/4113470/pexels-photo-4113470.jpeg?auto=compress&cs=tinysrgb&dpr=1&w=500,
https://images.pexels.com/photos/4113472/pexels-photo-4113472.jpeg?auto=compress&cs=tinysrgb&dpr=1&w=500,
https://images.pexels.com/photos/4113500/pexels-photo-4113500.jpeg?auto=compress&cs=tinysrgb&dpr=1&w=500,
https://images.pexels.com/photos/4113506/pexels-photo-4113506.jpeg?auto=compress&cs=tinysrgb&dpr=1&w=500,
https://images.pexels.com/photos/5740403/pexels-photo-5740403.jpeg?auto=compress&cs=tinysrgb&dpr=1&w=500,
https://images.pexels.com/photos/5848088/pexels-photo-5848088.jpeg?auto=compress&cs=tinysrgb&dpr=1&w=500,
https://images.pexels.com/photos/5836776/pexels-photo-5836776.jpeg?auto=compress&cs=tinysrgb&dpr=1&w=500,
https://images.pexels.com/photos/4790306/pexels-photo-4790306.jpeg?auto=compress&cs=tinysrgb&dpr=1&w=500,
https://images.pexels.com/photos/4790309/pexels-photo-4790309.jpeg?auto=compress&cs=tinysrgb&dpr=1&w=500,
https://images.pexels.com/photos/5088534/pexels-photo-5088534.jpeg?auto=compress&cs=tinysrgb&dpr=1&w=500,
https://images.pexels.com/photos/5093852/pexels-photo-5093852.jpeg?auto=compress&cs=tinysrgb&dpr=1&w=500,
https://images.pexels.com/photos/5093856/pexels-photo-5093856.jpeg?auto=compress&cs=tinysrgb&dpr=1&w=500,
https://images.pexels.com/photos/5093861/pexels-photo-5093861.jpeg?auto=compress&cs=tinysrgb&dpr=1&w=500,
https://images.pexels.com/photos/5093841/pexels-photo-5093841.jpeg?auto=compress&cs=tinysrgb&dpr=1&w=500,
https://images.pexels.com/photos/2862148/pexels-photo-2862148.jpeg?auto=compress&cs=tinysrgb&dpr=1&w=500,
https://images.pexels.com/photos/4993256/pexels-photo-4993256.jpeg?auto=compress&cs=tinysrgb&dpr=1&w=500,
https://images.pexels.com/photos/6064804/pexels-photo-6064804.jpeg?auto=compress&cs=tinysrgb&dpr=1&w=500,
https://images.pexels.com/photos/5903098/pexels-photo-5903098.jpeg?auto=compress&cs=tinysrgb&dpr=1&w=500,
https://images.pexels.com/photos/5903170/pexels-photo-5903170.jpeg?auto=compress&cs=tinysrgb&dpr=1&w=500,
https://images.pexels.com/photos/5903234/pexels-photo-5903234.jpeg?auto=compress&cs=tinysrgb&dpr=1&w=500,
https://images.pexels.com/photos/5903450/pexels-photo-5903450.jpeg?auto=compress&cs=tinysrgb&dpr=1&w=500,
https://images.pexels.com/photos/5903322/pexels-photo-5903322.jpeg?auto=compress&cs=tinysrgb&dpr=1&w=500,
https://images.pexels.com/photos/4637726/pexels-photo-4637726.jpeg?auto=compress&cs=tinysrgb&dpr=1&w=500,
https://images.pexels.com/photos/5627897/pexels-photo-5627897.jpeg?auto=compress&cs=tinysrgb&dpr=1&w=500,
https://images.pexels.com/photos/3824738/pexels-photo-3824738.jpeg?auto=compress&cs=tinysrgb&dpr=1&w=500,
https://images.pexels.com/photos/5696469/pexels-photo-5696469.jpeg?auto=compress&cs=tinysrgb&dpr=1&w=500,
https://images.pexels.com/photos/5696434/pexels-photo-5696434.jpeg?auto=compress&cs=tinysrgb&dpr=1&w=500,
https://images.pexels.com/photos/4330056/pexels-photo-4330056.jpeg?auto=compress&cs=tinysrgb&dpr=1&w=500,
https://images.pexels.com/photos/5627443/pexels-photo-5627443.jpeg?auto=compress&cs=tinysrgb&dpr=1&w=500,
https://images.pexels.com/photos/5696471/pexels-photo-5696471.jpeg?auto=compress&cs=tinysrgb&dpr=1&w=500,
https://images.pexels.com/photos/5696464/pexels-photo-5696464.jpeg?auto=compress&cs=tinysrgb&dpr=1&w=500,
https://images.pexels.com/photos/5695866/pexels-photo-5695866.jpeg?auto=compress&cs=tinysrgb&dpr=1&w=500,
https://images.pexels.com/photos/5696438/pexels-photo-5696438.jpeg?auto=compress&cs=tinysrgb&dpr=1&w=500,
https://images.pexels.com/photos/5696468/pexels-photo-5696468.jpeg?auto=compress&cs=tinysrgb&dpr=1&w=500,
https://images.pexels.com/photos/2271196/pexels-photo-2271196.jpeg?auto=compress&cs=tinysrgb&dpr=1&w=500,
https://images.pexels.com/photos/4669219/pexels-photo-4669219.jpeg?auto=compress&cs=tinysrgb&dpr=1&w=500,
https://images.pexels.com/photos/5696429/pexels-photo-5696429.jpeg?auto=compress&cs=tinysrgb&dpr=1&w=500,
https://images.pexels.com/photos/5627896/pexels-photo-5627896.jpeg?auto=compress&cs=tinysrgb&dpr=1&w=500,
https://images.pexels.com/photos/5627226/pexels-photo-5627226.jpeg?auto=compress&cs=tinysrgb&dpr=1&w=500,
https://images.pexels.com/photos/5696460/pexels-photo-5696460.jpeg?auto=compress&cs=tinysrgb&dpr=1&w=500,
https://images.pexels.com/photos/5696429/pexels-photo-5696429.jpeg?auto=compress&cs=tinysrgb&dpr=1&w=500,
https://images.pexels.com/photos/5696440/pexels-photo-5696440.jpeg?auto=compress&cs=tinysrgb&dpr=1&w=500,
https://images.pexels.com/photos/5491281/pexels-photo-5491281.jpeg?auto=compress&cs=tinysrgb&dpr=1&w=500,
https://images.pexels.com/photos/5491305/pexels-photo-5491305.jpeg?auto=compress&cs=tinysrgb&dpr=1&w=500,
https://images.pexels.com/photos/5774154/pexels-photo-5774154.jpeg?auto=compress&cs=tinysrgb&dpr=1&w=500,
https://images.pexels.com/photos/5634630/pexels-photo-5634630.jpeg?auto=compress&cs=tinysrgb&dpr=1&w=500,
https://images.pexels.com/photos/5640017/pexels-photo-5640017.jpeg?auto=compress&cs=tinysrgb&dpr=1&w=500,
https://images.pexels.com/photos/5634645/pexels-photo-5634645.jpeg?auto=compress&cs=tinysrgb&dpr=1&w=500,
https://images.pexels.com/photos/5805611/pexels-photo-5805611.jpeg?auto=compress&cs=tinysrgb&dpr=1&w=500,
https://images.pexels.com/photos/5374014/pexels-photo-5374014.jpeg?auto=compress&cs=tinysrgb&dpr=1&w=500,
https://images.pexels.com/photos/5017828/pexels-photo-5017828.jpeg?auto=compress&cs=tinysrgb&dpr=1&w=500,
https://images.pexels.com/photos/5017830/pexels-photo-5017830.jpeg?auto=compress&cs=tinysrgb&dpr=1&w=500,
https://images.pexels.com/photos/5218173/pexels-photo-5218173.jpeg?auto=compress&cs=tinysrgb&dpr=1&w=500,
https://images.pexels.com/photos/5253033/pexels-photo-5253033.jpeg?auto=compress&cs=tinysrgb&dpr=1&w=500,
https://images.pexels.com/photos/5491287/pexels-photo-5491287.jpeg?auto=compress&cs=tinysrgb&dpr=1&w=500,
https://images.pexels.com/photos/4985619/pexels-photo-4985619.jpeg?auto=compress&cs=tinysrgb&dpr=1&w=500,
https://images.pexels.com/photos/4728270/pexels-photo-4728270.jpeg?auto=compress&cs=tinysrgb&dpr=1&w=500,
https://images.pexels.com/photos/5491284/pexels-photo-5491284.jpeg?auto=compress&cs=tinysrgb&dpr=1&w=500,
https://images.pexels.com/photos/5491289/pexels-photo-5491289.jpeg?auto=compress&cs=tinysrgb&dpr=1&w=500,
https://images.pexels.com/photos/5491285/pexels-photo-5491285.jpeg?auto=compress&cs=tinysrgb&dpr=1&w=500,
https://images.pexels.com/photos/6068716/pexels-photo-6068716.jpeg?auto=compress&cs=tinysrgb&dpr=1&w=500,
https://images.pexels.com/photos/5953357/pexels-photo-5953357.jpeg?auto=compress&cs=tinysrgb&dpr=1&w=500,
https://images.pexels.com/photos/5939414/pexels-photo-5939414.jpeg?auto=compress&cs=tinysrgb&dpr=1&w=500,
https://images.pexels.com/photos/5750186/pexels-photo-5750186.jpeg?auto=compress&cs=tinysrgb&dpr=1&w=500