https://images.pexels.com/photos/699122/pexels-photo-699122.jpeg?auto=compress&cs=tinysrgb&dpr=1&w=500,
https://images.pexels.com/photos/607812/pexels-photo-607812.jpeg?auto=compress&cs=tinysrgb&dpr=1&w=500,
https://images.pexels.com/photos/583842/pexels-photo-583842.jpeg?auto=compress&cs=tinysrgb&dpr=1&w=500,
https://images.pexels.com/photos/1294886/pexels-photo-1294886.jpeg?auto=compress&cs=tinysrgb&dpr=1&w=500,
https://images.pexels.com/photos/249324/pexels-photo-249324.jpeg?auto=compress&cs=tinysrgb&dpr=1&w=500,
https://images.pexels.com/photos/193004/pexels-photo-193004.jpeg?auto=compress&cs=tinysrgb&dpr=1&w=500,
https://images.pexels.com/photos/861126/pexels-photo-861126.jpeg?auto=compress&cs=tinysrgb&dpr=1&w=500,
https://images.pexels.com/photos/442161/pexels-photo-442161.jpeg?auto=compress&cs=tinysrgb&dpr=1&w=500,
https://images.pexels.com/photos/163143/sackcloth-sackcloth-textured-laptop-ipad-163143.jpeg?auto=compress&cs=tinysrgb&dpr=1&w=500,
https://images.pexels.com/photos/1275929/pexels-photo-1275929.jpeg?auto=compress&cs=tinysrgb&dpr=1&w=500,
https://images.pexels.com/photos/1647976/pexels-photo-1647976.jpeg?auto=compress&cs=tinysrgb&dpr=1&w=500,
https://images.pexels.com/photos/1125048/pexels-photo-1125048.jpeg?auto=compress&cs=tinysrgb&dpr=1&w=500,
https://images.pexels.com/photos/1036808/pexels-photo-1036808.jpeg?auto=compress&cs=tinysrgb&dpr=1&w=500,
https://images.pexels.com/photos/552961/pexels-photo-552961.jpeg?auto=compress&cs=tinysrgb&dpr=1&w=500,
https://images.pexels.com/photos/226474/pexels-photo-226474.jpeg?auto=compress&cs=tinysrgb&dpr=1&w=500,
https://images.pexels.com/photos/719399/pexels-photo-719399.jpeg?auto=compress&cs=tinysrgb&dpr=1&w=500,
https://images.pexels.com/photos/174938/pexels-photo-174938.jpeg?auto=compress&cs=tinysrgb&dpr=1&w=500,
https://images.pexels.com/photos/306763/pexels-photo-306763.jpeg?auto=compress&cs=tinysrgb&dpr=1&w=500,
https://images.pexels.com/photos/837268/pexels-photo-837268.jpeg?auto=compress&cs=tinysrgb&dpr=1&w=500,
https://images.pexels.com/photos/594452/pexels-photo-594452.jpeg?auto=compress&cs=tinysrgb&dpr=1&w=500,
https://images.pexels.com/photos/226003/pexels-photo-226003.jpeg?auto=compress&cs=tinysrgb&dpr=1&w=500,
https://images.pexels.com/photos/367273/pexels-photo-367273.jpeg?auto=compress&cs=tinysrgb&dpr=1&w=500,
https://images.pexels.com/photos/748598/pexels-photo-748598.jpeg?auto=compress&cs=tinysrgb&dpr=1&w=500,
https://images.pexels.com/photos/2897035/pexels-photo-2897035.jpeg?auto=compress&cs=tinysrgb&dpr=1&w=500,
https://images.pexels.com/photos/1647116/pexels-photo-1647116.jpeg?auto=compress&cs=tinysrgb&dpr=1&w=500,
https://images.pexels.com/photos/980048/pexels-photo-980048.jpeg?auto=compress&cs=tinysrgb&dpr=1&w=500,
https://images.pexels.com/photos/1458283/pexels-photo-1458283.jpeg?auto=compress&cs=tinysrgb&dpr=1&w=500,
https://images.pexels.com/photos/34407/pexels-photo.jpg?auto=compress&cs=tinysrgb&dpr=1&w=500,
https://images.pexels.com/photos/3207442/pexels-photo-3207442.jpeg?auto=compress&cs=tinysrgb&dpr=1&w=500,
https://images.pexels.com/photos/788946/pexels-photo-788946.jpeg?auto=compress&cs=tinysrgb&dpr=1&w=500,
https://images.pexels.com/photos/265658/pexels-photo-265658.jpeg?auto=compress&cs=tinysrgb&dpr=1&w=500,
https://images.pexels.com/photos/968639/pexels-photo-968639.jpeg?auto=compress&cs=tinysrgb&dpr=1&w=500,
https://images.pexels.com/photos/139388/pexels-photo-139388.jpeg?auto=compress&cs=tinysrgb&dpr=1&w=500,
https://images.pexels.com/photos/583847/pexels-photo-583847.jpeg?auto=compress&cs=tinysrgb&dpr=1&w=500,
https://images.pexels.com/photos/341523/pexels-photo-341523.jpeg?auto=compress&cs=tinysrgb&dpr=1&w=500,
https://images.pexels.com/photos/4158/apple-iphone-smartphone-desk.jpg?auto=compress&cs=tinysrgb&dpr=1&w=500,
https://images.pexels.com/photos/1398339/pexels-photo-1398339.jpeg?auto=compress&cs=tinysrgb&dpr=1&w=500,
https://images.pexels.com/photos/744464/pexels-photo-744464.jpeg?auto=compress&cs=tinysrgb&dpr=1&w=500,
https://images.pexels.com/photos/92902/pexels-photo-92902.jpeg?auto=compress&cs=tinysrgb&dpr=1&w=500,
https://images.pexels.com/photos/1092644/pexels-photo-1092644.jpeg?auto=compress&cs=tinysrgb&dpr=1&w=500,
https://images.pexels.com/photos/1156684/pexels-photo-1156684.jpeg?auto=compress&cs=tinysrgb&dpr=1&w=500,
https://images.pexels.com/photos/105254/pexels-photo-105254.jpeg?auto=compress&cs=tinysrgb&dpr=1&w=500,
https://images.pexels.com/photos/1042143/pexels-photo-1042143.jpeg?auto=compress&cs=tinysrgb&dpr=1&w=500,
https://images.pexels.com/photos/1440727/pexels-photo-1440727.jpeg?auto=compress&cs=tinysrgb&dpr=1&w=500,
https://images.pexels.com/photos/818043/pexels-photo-818043.jpeg?auto=compress&cs=tinysrgb&dpr=1&w=500,
https://images.pexels.com/photos/2066896/pexels-photo-2066896.jpeg?auto=compress&cs=tinysrgb&dpr=1&w=500,
https://images.pexels.com/photos/56904/pexels-photo-56904.jpeg?auto=compress&cs=tinysrgb&dpr=1&w=500,
https://images.pexels.com/photos/1653327/pexels-photo-1653327.jpeg?auto=compress&cs=tinysrgb&dpr=1&w=500,
https://images.pexels.com/photos/1036841/pexels-photo-1036841.jpeg?auto=compress&cs=tinysrgb&dpr=1&w=500,
https://images.pexels.com/photos/994197/pexels-photo-994197.jpeg?auto=compress&cs=tinysrgb&dpr=1&w=500,
https://images.pexels.com/photos/236086/pexels-photo-236086.jpeg?auto=compress&cs=tinysrgb&dpr=1&w=500,
https://images.pexels.com/photos/34239/pexels-photo.jpg?auto=compress&cs=tinysrgb&dpr=1&w=500,
https://images.pexels.com/photos/1387444/pexels-photo-1387444.jpeg?auto=compress&cs=tinysrgb&dpr=1&w=500,
https://images.pexels.com/photos/850358/pexels-photo-850358.jpeg?auto=compress&cs=tinysrgb&dpr=1&w=500,
https://images.pexels.com/photos/196656/pexels-photo-196656.jpeg?auto=compress&cs=tinysrgb&dpr=1&w=500,
https://images.pexels.com/photos/7974/pexels-photo.jpg?auto=compress&cs=tinysrgb&dpr=1&w=500,
https://images.pexels.com/photos/583848/pexels-photo-583848.jpeg?auto=compress&cs=tinysrgb&dpr=1&w=500,
https://images.pexels.com/photos/122383/pexels-photo-122383.jpeg?auto=compress&cs=tinysrgb&dpr=1&w=500,
https://images.pexels.com/photos/674884/pexels-photo-674884.jpeg?auto=compress&cs=tinysrgb&dpr=1&w=500,
https://images.pexels.com/photos/887751/pexels-photo-887751.jpeg?auto=compress&cs=tinysrgb&dpr=1&w=500,
https://images.pexels.com/photos/3597310/pexels-photo-3597310.jpeg?auto=compress&cs=tinysrgb&dpr=1&w=500,
https://images.pexels.com/photos/336948/pexels-photo-336948.jpeg?auto=compress&cs=tinysrgb&dpr=1&w=500,
https://images.pexels.com/photos/17663/pexels-photo.jpg?auto=compress&cs=tinysrgb&dpr=1&w=500,
https://images.pexels.com/photos/48605/pexels-photo-48605.jpeg?auto=compress&cs=tinysrgb&dpr=1&w=500,
https://images.pexels.com/photos/1194760/pexels-photo-1194760.jpeg?auto=compress&cs=tinysrgb&dpr=1&w=500,
https://images.pexels.com/photos/843266/pexels-photo-843266.jpeg?auto=compress&cs=tinysrgb&dpr=1&w=500,
https://images.pexels.com/photos/1693627/pexels-photo-1693627.jpeg?auto=compress&cs=tinysrgb&dpr=1&w=500,
https://images.pexels.com/photos/3510/hand-apple-iphone-smartphone.jpg?auto=compress&cs=tinysrgb&dpr=1&w=500,
https://images.pexels.com/photos/225232/pexels-photo-225232.jpeg?auto=compress&cs=tinysrgb&dpr=1&w=500,
https://images.pexels.com/photos/1388947/technology-telephone-mobile-smart-1388947.jpeg?auto=compress&cs=tinysrgb&dpr=1&w=500,
https://images.pexels.com/photos/369376/pexels-photo-369376.jpeg?auto=compress&cs=tinysrgb&dpr=1&w=500,
https://images.pexels.com/photos/1322360/pexels-photo-1322360.jpeg?auto=compress&cs=tinysrgb&dpr=1&w=500,
https://images.pexels.com/photos/1970139/pexels-photo-1970139.jpeg?auto=compress&cs=tinysrgb&dpr=1&w=500,
https://images.pexels.com/photos/1038628/pexels-photo-1038628.jpeg?auto=compress&cs=tinysrgb&dpr=1&w=500,
https://images.pexels.com/photos/263564/pexels-photo-263564.jpeg?auto=compress&cs=tinysrgb&dpr=1&w=500,
https://images.pexels.com/photos/1069798/pexels-photo-1069798.jpeg?auto=compress&cs=tinysrgb&dpr=1&w=500,
https://images.pexels.com/photos/196653/pexels-photo-196653.jpeg?auto=compress&cs=tinysrgb&dpr=1&w=500,
https://images.pexels.com/photos/786009/pexels-photo-786009.jpeg?auto=compress&cs=tinysrgb&dpr=1&w=500,
https://images.pexels.com/photos/1625169/pexels-photo-1625169.jpeg?auto=compress&cs=tinysrgb&dpr=1&w=500,
https://images.pexels.com/photos/693267/pexels-photo-693267.jpeg?auto=compress&cs=tinysrgb&dpr=1&w=500,
https://images.pexels.com/photos/3756879/pexels-photo-3756879.jpeg?auto=compress&cs=tinysrgb&dpr=1&w=500,
https://images.pexels.com/photos/934072/pexels-photo-934072.jpeg?auto=compress&cs=tinysrgb&dpr=1&w=500,
https://images.pexels.com/photos/393034/pexels-photo-393034.jpeg?auto=compress&cs=tinysrgb&dpr=1&w=500,
https://images.pexels.com/photos/1428005/pexels-photo-1428005.jpeg?auto=compress&cs=tinysrgb&dpr=1&w=500,
https://images.pexels.com/photos/574645/pexels-photo-574645.jpeg?auto=compress&cs=tinysrgb&dpr=1&w=500,
https://images.pexels.com/photos/1202575/pexels-photo-1202575.jpeg?auto=compress&cs=tinysrgb&dpr=1&w=500,
https://images.pexels.com/photos/429862/pexels-photo-429862.jpeg?auto=compress&cs=tinysrgb&dpr=1&w=500,
https://images.pexels.com/photos/583846/pexels-photo-583846.jpeg?auto=compress&cs=tinysrgb&dpr=1&w=500,
https://images.pexels.com/photos/583843/pexels-photo-583843.jpeg?auto=compress&cs=tinysrgb&dpr=1&w=500,
https://images.pexels.com/photos/97078/pexels-photo-97078.jpeg?auto=compress&cs=tinysrgb&dpr=1&w=500,
https://images.pexels.com/photos/4322/person-woman-hand-space.jpg?auto=compress&cs=tinysrgb&dpr=1&w=500