https://images.pexels.com/photos/380782/pexels-photo-380782.jpeg?auto=compress&cs=tinysrgb&dpr=1&w=500,
https://images.pexels.com/photos/51396/pocket-watches-time-of-time-watches-51396.jpeg?auto=compress&cs=tinysrgb&dpr=1&w=500,
https://images.pexels.com/photos/1034063/pexels-photo-1034063.jpeg?auto=compress&cs=tinysrgb&dpr=1&w=500,
https://images.pexels.com/photos/128206/pexels-photo-128206.jpeg?auto=compress&cs=tinysrgb&dpr=1&w=500,
https://images.pexels.com/photos/1697570/pexels-photo-1697570.jpeg?auto=compress&cs=tinysrgb&dpr=1&w=500,
https://images.pexels.com/photos/236915/pexels-photo-236915.jpeg?auto=compress&cs=tinysrgb&dpr=1&w=500,
https://images.pexels.com/photos/277319/pexels-photo-277319.jpeg?auto=compress&cs=tinysrgb&dpr=1&w=500,
https://images.pexels.com/photos/1595087/pexels-photo-1595087.jpeg?auto=compress&cs=tinysrgb&dpr=1&w=500,
https://images.pexels.com/photos/437037/pexels-photo-437037.jpeg?auto=compress&cs=tinysrgb&dpr=1&w=500,
https://images.pexels.com/photos/280250/pexels-photo-280250.jpeg?auto=compress&cs=tinysrgb&dpr=1&w=500,
https://images.pexels.com/photos/1619651/pexels-photo-1619651.jpeg?auto=compress&cs=tinysrgb&dpr=1&w=500,
https://images.pexels.com/photos/1841841/pexels-photo-1841841.jpeg?auto=compress&cs=tinysrgb&dpr=1&w=500,
https://images.pexels.com/photos/47856/rolex-wrist-watch-clock-gmt-47856.jpeg?auto=compress&cs=tinysrgb&dpr=1&w=500,
https://images.pexels.com/photos/5058914/pexels-photo-5058914.jpeg?auto=compress&cs=tinysrgb&dpr=1&w=500,
https://images.pexels.com/photos/5058921/pexels-photo-5058921.jpeg?auto=compress&cs=tinysrgb&dpr=1&w=500,
https://images.pexels.com/photos/5058926/pexels-photo-5058926.jpeg?auto=compress&cs=tinysrgb&dpr=1&w=500,
https://images.pexels.com/photos/5058930/pexels-photo-5058930.jpeg?auto=compress&cs=tinysrgb&dpr=1&w=500,
https://images.pexels.com/photos/5060557/pexels-photo-5060557.jpeg?auto=compress&cs=tinysrgb&dpr=1&w=500,
https://images.pexels.com/photos/5053911/pexels-photo-5053911.jpeg?auto=compress&cs=tinysrgb&dpr=1&w=500,
https://images.pexels.com/photos/5053439/pexels-photo-5053439.jpeg?auto=compress&cs=tinysrgb&dpr=1&w=500,
https://images.pexels.com/photos/5060976/pexels-photo-5060976.jpeg?auto=compress&cs=tinysrgb&dpr=1&w=500,
https://images.pexels.com/photos/5060979/pexels-photo-5060979.jpeg?auto=compress&cs=tinysrgb&dpr=1&w=500,
https://images.pexels.com/photos/5060985/pexels-photo-5060985.jpeg?auto=compress&cs=tinysrgb&dpr=1&w=500,
https://images.pexels.com/photos/5061000/pexels-photo-5061000.jpeg?auto=compress&cs=tinysrgb&dpr=1&w=500,
https://images.pexels.com/photos/5061005/pexels-photo-5061005.jpeg?auto=compress&cs=tinysrgb&dpr=1&w=500,
https://images.pexels.com/photos/5061008/pexels-photo-5061008.jpeg?auto=compress&cs=tinysrgb&dpr=1&w=500,
https://images.pexels.com/photos/4816457/pexels-photo-4816457.jpeg?auto=compress&cs=tinysrgb&dpr=1&w=500,
https://images.pexels.com/photos/5556316/pexels-photo-5556316.jpeg?auto=compress&cs=tinysrgb&dpr=1&w=500,
https://images.pexels.com/photos/158741/gshock-watch-sports-watch-stopwatch-158741.jpeg?auto=compress&cs=tinysrgb&dpr=1&w=500,
https://images.pexels.com/photos/552598/pexels-photo-552598.jpeg?auto=compress&cs=tinysrgb&dpr=1&w=500,
https://images.pexels.com/photos/1034064/pexels-photo-1034064.jpeg?auto=compress&cs=tinysrgb&dpr=1&w=500,
https://images.pexels.com/photos/5425038/pexels-photo-5425038.jpeg?auto=compress&cs=tinysrgb&dpr=1&w=500,
https://images.pexels.com/photos/5538322/pexels-photo-5538322.jpeg?auto=compress&cs=tinysrgb&dpr=1&w=500,
https://images.pexels.com/photos/4916687/pexels-photo-4916687.jpeg?auto=compress&cs=tinysrgb&dpr=1&w=500,
https://images.pexels.com/photos/5093659/pexels-photo-5093659.jpeg?auto=compress&cs=tinysrgb&dpr=1&w=500,
https://images.pexels.com/photos/5838280/pexels-photo-5838280.jpeg?auto=compress&cs=tinysrgb&dpr=1&w=500,
https://images.pexels.com/photos/5239710/pexels-photo-5239710.jpeg?auto=compress&cs=tinysrgb&dpr=1&w=500,
https://images.pexels.com/photos/5838228/pexels-photo-5838228.jpeg?auto=compress&cs=tinysrgb&dpr=1&w=500,
https://images.pexels.com/photos/5838231/pexels-photo-5838231.jpeg?auto=compress&cs=tinysrgb&dpr=1&w=500,
https://images.pexels.com/photos/5239716/pexels-photo-5239716.jpeg?auto=compress&cs=tinysrgb&dpr=1&w=500,
https://images.pexels.com/photos/5424673/pexels-photo-5424673.jpeg?auto=compress&cs=tinysrgb&dpr=1&w=500,
https://images.pexels.com/photos/5239711/pexels-photo-5239711.jpeg?auto=compress&cs=tinysrgb&dpr=1&w=500,
https://images.pexels.com/photos/5239699/pexels-photo-5239699.jpeg?auto=compress&cs=tinysrgb&dpr=1&w=500,
https://images.pexels.com/photos/4109169/pexels-photo-4109169.jpeg?auto=compress&cs=tinysrgb&dpr=1&w=500,
https://images.pexels.com/photos/5895643/pexels-photo-5895643.jpeg?auto=compress&cs=tinysrgb&dpr=1&w=500,
https://images.pexels.com/photos/5895647/pexels-photo-5895647.jpeg?auto=compress&cs=tinysrgb&dpr=1&w=500,
https://images.pexels.com/photos/5943780/pexels-photo-5943780.jpeg?auto=compress&cs=tinysrgb&dpr=1&w=500,
https://images.pexels.com/photos/5501854/pexels-photo-5501854.png?auto=compress&cs=tinysrgb&dpr=1&w=500,
https://images.pexels.com/photos/5447382/pexels-photo-5447382.jpeg?auto=compress&cs=tinysrgb&dpr=1&w=500,
https://images.pexels.com/photos/6098254/pexels-photo-6098254.jpeg?auto=compress&cs=tinysrgb&dpr=1&w=500,
https://images.pexels.com/photos/5301704/pexels-photo-5301704.jpeg?auto=compress&cs=tinysrgb&dpr=1&w=500,
https://images.pexels.com/photos/5239741/pexels-photo-5239741.jpeg?auto=compress&cs=tinysrgb&dpr=1&w=500,
https://images.pexels.com/photos/5239742/pexels-photo-5239742.jpeg?auto=compress&cs=tinysrgb&dpr=1&w=500,
https://images.pexels.com/photos/5239700/pexels-photo-5239700.jpeg?auto=compress&cs=tinysrgb&dpr=1&w=500,
https://images.pexels.com/photos/5301662/pexels-photo-5301662.jpeg?auto=compress&cs=tinysrgb&dpr=1&w=500,
https://images.pexels.com/photos/1095601/pexels-photo-1095601.jpeg?auto=compress&cs=tinysrgb&dpr=1&w=500,
https://images.pexels.com/photos/3568518/pexels-photo-3568518.jpeg?auto=compress&cs=tinysrgb&dpr=1&w=500,
https://images.pexels.com/photos/5302930/pexels-photo-5302930.jpeg?auto=compress&cs=tinysrgb&dpr=1&w=500,
https://images.pexels.com/photos/1183266/pexels-photo-1183266.jpeg?auto=compress&cs=tinysrgb&dpr=1&w=500,
https://images.pexels.com/photos/1209843/pexels-photo-1209843.jpeg?auto=compress&cs=tinysrgb&dpr=1&w=500,
https://images.pexels.com/photos/876466/pexels-photo-876466.jpeg?auto=compress&cs=tinysrgb&dpr=1&w=500,
https://images.pexels.com/photos/4143791/pexels-photo-4143791.jpeg?auto=compress&cs=tinysrgb&dpr=1&w=500,
https://images.pexels.com/photos/3771127/pexels-photo-3771127.jpeg?auto=compress&cs=tinysrgb&dpr=1&w=500,
https://images.pexels.com/photos/2043837/pexels-photo-2043837.jpeg?auto=compress&cs=tinysrgb&dpr=1&w=500,
https://images.pexels.com/photos/4144222/pexels-photo-4144222.jpeg?auto=compress&cs=tinysrgb&dpr=1&w=500,
https://images.pexels.com/photos/5905708/pexels-photo-5905708.jpeg?auto=compress&cs=tinysrgb&dpr=1&w=500,
https://images.pexels.com/photos/936137/pexels-photo-936137.jpeg?auto=compress&cs=tinysrgb&dpr=1&w=500,
https://images.pexels.com/photos/4488194/pexels-photo-4488194.jpeg?auto=compress&cs=tinysrgb&dpr=1&w=500,
https://images.pexels.com/photos/4145196/pexels-photo-4145196.jpeg?auto=compress&cs=tinysrgb&dpr=1&w=500,
https://images.pexels.com/photos/3768998/pexels-photo-3768998.jpeg?auto=compress&cs=tinysrgb&dpr=1&w=500,
https://images.pexels.com/photos/4050314/pexels-photo-4050314.jpeg?auto=compress&cs=tinysrgb&dpr=1&w=500,
https://images.pexels.com/photos/295884/pexels-photo-295884.jpeg?auto=compress&cs=tinysrgb&dpr=1&w=500,
https://images.pexels.com/photos/4050220/pexels-photo-4050220.jpeg?auto=compress&cs=tinysrgb&dpr=1&w=500,
https://images.pexels.com/photos/3791666/pexels-photo-3791666.jpeg?auto=compress&cs=tinysrgb&dpr=1&w=500,
https://images.pexels.com/photos/5905711/pexels-photo-5905711.jpeg?auto=compress&cs=tinysrgb&dpr=1&w=500,
https://images.pexels.com/photos/574664/pexels-photo-574664.jpeg?auto=compress&cs=tinysrgb&dpr=1&w=500,
https://images.pexels.com/photos/1595391/pexels-photo-1595391.jpeg?auto=compress&cs=tinysrgb&dpr=1&w=500,
https://images.pexels.com/photos/280254/pexels-photo-280254.jpeg?auto=compress&cs=tinysrgb&dpr=1&w=500,
https://images.pexels.com/photos/4145032/pexels-photo-4145032.jpeg?auto=compress&cs=tinysrgb&dpr=1&w=500,
https://images.pexels.com/photos/3764496/pexels-photo-3764496.jpeg?auto=compress&cs=tinysrgb&dpr=1&w=500,
https://images.pexels.com/photos/50632/pexels-photo-50632.jpeg?auto=compress&cs=tinysrgb&dpr=1&w=500,
https://images.pexels.com/photos/4049870/pexels-photo-4049870.jpeg?auto=compress&cs=tinysrgb&dpr=1&w=500,
https://images.pexels.com/photos/5905714/pexels-photo-5905714.jpeg?auto=compress&cs=tinysrgb&dpr=1&w=500,
https://images.pexels.com/photos/5905716/pexels-photo-5905716.jpeg?auto=compress&cs=tinysrgb&dpr=1&w=500,
https://images.pexels.com/photos/1228517/pexels-photo-1228517.jpeg?auto=compress&cs=tinysrgb&dpr=1&w=500,
https://images.pexels.com/photos/4050348/pexels-photo-4050348.jpeg?auto=compress&cs=tinysrgb&dpr=1&w=500,
https://images.pexels.com/photos/3823489/pexels-photo-3823489.jpeg?auto=compress&cs=tinysrgb&dpr=1&w=500,
https://images.pexels.com/photos/1172848/pexels-photo-1172848.jpeg?auto=compress&cs=tinysrgb&dpr=1&w=500,
https://images.pexels.com/photos/3975586/pexels-photo-3975586.jpeg?auto=compress&cs=tinysrgb&dpr=1&w=500,
https://images.pexels.com/photos/4144225/pexels-photo-4144225.jpeg?auto=compress&cs=tinysrgb&dpr=1&w=500,
https://images.pexels.com/photos/4049942/pexels-photo-4049942.jpeg?auto=compress&cs=tinysrgb&dpr=1&w=500,
https://images.pexels.com/photos/1178684/pexels-photo-1178684.jpeg?auto=compress&cs=tinysrgb&dpr=1&w=500,
https://images.pexels.com/photos/3795291/pexels-photo-3795291.jpeg?auto=compress&cs=tinysrgb&dpr=1&w=500,
https://images.pexels.com/photos/4144230/pexels-photo-4144230.jpeg?auto=compress&cs=tinysrgb&dpr=1&w=500,
https://images.pexels.com/photos/4145038/pexels-photo-4145038.jpeg?auto=compress&cs=tinysrgb&dpr=1&w=500,
https://images.pexels.com/photos/3755620/pexels-photo-3755620.jpeg?auto=compress&cs=tinysrgb&dpr=1&w=500,
https://images.pexels.com/photos/325845/pexels-photo-325845.jpeg?auto=compress&cs=tinysrgb&dpr=1&w=500,
https://images.pexels.com/photos/4099321/pexels-photo-4099321.jpeg?auto=compress&cs=tinysrgb&dpr=1&w=500,
https://images.pexels.com/photos/4145037/pexels-photo-4145037.jpeg?auto=compress&cs=tinysrgb&dpr=1&w=500,
https://images.pexels.com/photos/4145353/pexels-photo-4145353.jpeg?auto=compress&cs=tinysrgb&dpr=1&w=500,
https://images.pexels.com/photos/4143795/pexels-photo-4143795.jpeg?auto=compress&cs=tinysrgb&dpr=1&w=500,
https://images.pexels.com/photos/3831136/pexels-photo-3831136.jpeg?auto=compress&cs=tinysrgb&dpr=1&w=500,
https://images.pexels.com/photos/3778212/pexels-photo-3778212.jpeg?auto=compress&cs=tinysrgb&dpr=1&w=500,
https://images.pexels.com/photos/1578531/pexels-photo-1578531.jpeg?auto=compress&cs=tinysrgb&dpr=1&w=500,
https://images.pexels.com/photos/4049940/pexels-photo-4049940.jpeg?auto=compress&cs=tinysrgb&dpr=1&w=500,
https://images.pexels.com/photos/3810793/pexels-photo-3810793.jpeg?auto=compress&cs=tinysrgb&dpr=1&w=500,
https://images.pexels.com/photos/3635870/pexels-photo-3635870.jpeg?auto=compress&cs=tinysrgb&dpr=1&w=500,
https://images.pexels.com/photos/1040160/pexels-photo-1040160.jpeg?auto=compress&cs=tinysrgb&dpr=1&w=500,
https://images.pexels.com/photos/4050436/pexels-photo-4050436.jpeg?auto=compress&cs=tinysrgb&dpr=1&w=500,
https://images.pexels.com/photos/4050407/pexels-photo-4050407.jpeg?auto=compress&cs=tinysrgb&dpr=1&w=500,
https://images.pexels.com/photos/4498174/pexels-photo-4498174.jpeg?auto=compress&cs=tinysrgb&dpr=1&w=500,
https://images.pexels.com/photos/190819/pexels-photo-190819.jpeg?auto=compress&cs=tinysrgb&dpr=1&w=500,
https://images.pexels.com/photos/1697218/pexels-photo-1697218.jpeg?auto=compress&cs=tinysrgb&dpr=1&w=500,
https://images.pexels.com/photos/1546333/pexels-photo-1546333.jpeg?auto=compress&cs=tinysrgb&dpr=1&w=500,
https://images.pexels.com/photos/1342609/pexels-photo-1342609.jpeg?auto=compress&cs=tinysrgb&dpr=1&w=500,
https://images.pexels.com/photos/2155319/pexels-photo-2155319.jpeg?auto=compress&cs=tinysrgb&dpr=1&w=500,
https://images.pexels.com/photos/277390/pexels-photo-277390.jpeg?auto=compress&cs=tinysrgb&dpr=1&w=500,
https://images.pexels.com/photos/266666/pexels-photo-266666.jpeg?auto=compress&cs=tinysrgb&dpr=1&w=500,
https://images.pexels.com/photos/179909/pexels-photo-179909.jpeg?auto=compress&cs=tinysrgb&dpr=1&w=500,
https://images.pexels.com/photos/1034065/pexels-photo-1034065.jpeg?auto=compress&cs=tinysrgb&dpr=1&w=500,
https://images.pexels.com/photos/2078268/pexels-photo-2078268.jpeg?auto=compress&cs=tinysrgb&dpr=1&w=500,
https://images.pexels.com/photos/47339/mechanics-movement-feinmechanik-wrist-watch-47339.jpeg?auto=compress&cs=tinysrgb&dpr=1&w=500,
https://images.pexels.com/photos/5462553/pexels-photo-5462553.jpeg?auto=compress&cs=tinysrgb&dpr=1&w=500,
https://images.pexels.com/photos/982660/pexels-photo-982660.jpeg?auto=compress&cs=tinysrgb&dpr=1&w=500,
https://images.pexels.com/photos/5058916/pexels-photo-5058916.jpeg?auto=compress&cs=tinysrgb&dpr=1&w=500,
https://images.pexels.com/photos/5058920/pexels-photo-5058920.jpeg?auto=compress&cs=tinysrgb&dpr=1&w=500,
https://images.pexels.com/photos/5058923/pexels-photo-5058923.jpeg?auto=compress&cs=tinysrgb&dpr=1&w=500,
https://images.pexels.com/photos/5058927/pexels-photo-5058927.jpeg?auto=compress&cs=tinysrgb&dpr=1&w=500,
https://images.pexels.com/photos/5060554/pexels-photo-5060554.jpeg?auto=compress&cs=tinysrgb&dpr=1&w=500,
https://images.pexels.com/photos/5060570/pexels-photo-5060570.jpeg?auto=compress&cs=tinysrgb&dpr=1&w=500,
https://images.pexels.com/photos/5053438/pexels-photo-5053438.jpeg?auto=compress&cs=tinysrgb&dpr=1&w=500,
https://images.pexels.com/photos/5061284/pexels-photo-5061284.jpeg?auto=compress&cs=tinysrgb&dpr=1&w=500,
https://images.pexels.com/photos/5060978/pexels-photo-5060978.jpeg?auto=compress&cs=tinysrgb&dpr=1&w=500,
https://images.pexels.com/photos/5060992/pexels-photo-5060992.jpeg?auto=compress&cs=tinysrgb&dpr=1&w=500,
https://images.pexels.com/photos/5060999/pexels-photo-5060999.jpeg?auto=compress&cs=tinysrgb&dpr=1&w=500,
https://images.pexels.com/photos/5061001/pexels-photo-5061001.jpeg?auto=compress&cs=tinysrgb&dpr=1&w=500,
https://images.pexels.com/photos/5061006/pexels-photo-5061006.jpeg?auto=compress&cs=tinysrgb&dpr=1&w=500,
https://images.pexels.com/photos/5061009/pexels-photo-5061009.jpeg?auto=compress&cs=tinysrgb&dpr=1&w=500,
https://images.pexels.com/photos/5556299/pexels-photo-5556299.jpeg?auto=compress&cs=tinysrgb&dpr=1&w=500,
https://images.pexels.com/photos/179912/pexels-photo-179912.jpeg?auto=compress&cs=tinysrgb&dpr=1&w=500,
https://images.pexels.com/photos/1075189/pexels-photo-1075189.jpeg?auto=compress&cs=tinysrgb&dpr=1&w=500,
https://images.pexels.com/photos/48770/business-time-clock-clocks-48770.jpeg?auto=compress&cs=tinysrgb&dpr=1&w=500,
https://images.pexels.com/photos/705868/pexels-photo-705868.jpeg?auto=compress&cs=tinysrgb&dpr=1&w=500,
https://images.pexels.com/photos/5425037/pexels-photo-5425037.jpeg?auto=compress&cs=tinysrgb&dpr=1&w=500,
https://images.pexels.com/photos/2373730/pexels-photo-2373730.jpeg?auto=compress&cs=tinysrgb&dpr=1&w=500,
https://images.pexels.com/photos/5425032/pexels-photo-5425032.jpeg?auto=compress&cs=tinysrgb&dpr=1&w=500,
https://images.pexels.com/photos/5093657/pexels-photo-5093657.jpeg?auto=compress&cs=tinysrgb&dpr=1&w=500,
https://images.pexels.com/photos/5838233/pexels-photo-5838233.jpeg?auto=compress&cs=tinysrgb&dpr=1&w=500,
https://images.pexels.com/photos/5239713/pexels-photo-5239713.jpeg?auto=compress&cs=tinysrgb&dpr=1&w=500,
https://images.pexels.com/photos/5093642/pexels-photo-5093642.jpeg?auto=compress&cs=tinysrgb&dpr=1&w=500,
https://images.pexels.com/photos/5302934/pexels-photo-5302934.jpeg?auto=compress&cs=tinysrgb&dpr=1&w=500,
https://images.pexels.com/photos/5301706/pexels-photo-5301706.jpeg?auto=compress&cs=tinysrgb&dpr=1&w=500,
https://images.pexels.com/photos/5239783/pexels-photo-5239783.jpeg?auto=compress&cs=tinysrgb&dpr=1&w=500,
https://images.pexels.com/photos/3526923/pexels-photo-3526923.jpeg?auto=compress&cs=tinysrgb&dpr=1&w=500,
https://images.pexels.com/photos/5895642/pexels-photo-5895642.jpeg?auto=compress&cs=tinysrgb&dpr=1&w=500,
https://images.pexels.com/photos/5895646/pexels-photo-5895646.jpeg?auto=compress&cs=tinysrgb&dpr=1&w=500,
https://images.pexels.com/photos/5895640/pexels-photo-5895640.jpeg?auto=compress&cs=tinysrgb&dpr=1&w=500,
https://images.pexels.com/photos/5501863/pexels-photo-5501863.png?auto=compress&cs=tinysrgb&dpr=1&w=500,
https://images.pexels.com/photos/5443583/pexels-photo-5443583.jpeg?auto=compress&cs=tinysrgb&dpr=1&w=500,
https://images.pexels.com/photos/5301710/pexels-photo-5301710.jpeg?auto=compress&cs=tinysrgb&dpr=1&w=500,
https://images.pexels.com/photos/5301705/pexels-photo-5301705.jpeg?auto=compress&cs=tinysrgb&dpr=1&w=500,
https://images.pexels.com/photos/5239714/pexels-photo-5239714.jpeg?auto=compress&cs=tinysrgb&dpr=1&w=500,
https://images.pexels.com/photos/5239697/pexels-photo-5239697.jpeg?auto=compress&cs=tinysrgb&dpr=1&w=500,
https://images.pexels.com/photos/5239702/pexels-photo-5239702.jpeg?auto=compress&cs=tinysrgb&dpr=1&w=500,
https://images.pexels.com/photos/876467/pexels-photo-876467.jpeg?auto=compress&cs=tinysrgb&dpr=1&w=500,
https://images.pexels.com/photos/5302933/pexels-photo-5302933.jpeg?auto=compress&cs=tinysrgb&dpr=1&w=500,
https://images.pexels.com/photos/4380970/pexels-photo-4380970.jpeg?auto=compress&cs=tinysrgb&dpr=1&w=500,
https://images.pexels.com/photos/412840/pexels-photo-412840.jpeg?auto=compress&cs=tinysrgb&dpr=1&w=500,
https://images.pexels.com/photos/4050389/pexels-photo-4050389.jpeg?auto=compress&cs=tinysrgb&dpr=1&w=500,
https://images.pexels.com/photos/1624076/pexels-photo-1624076.jpeg?auto=compress&cs=tinysrgb&dpr=1&w=500,
https://images.pexels.com/photos/3568521/pexels-photo-3568521.jpeg?auto=compress&cs=tinysrgb&dpr=1&w=500,
https://images.pexels.com/photos/3769697/pexels-photo-3769697.jpeg?auto=compress&cs=tinysrgb&dpr=1&w=500,
https://images.pexels.com/photos/1809347/pexels-photo-1809347.jpeg?auto=compress&cs=tinysrgb&dpr=1&w=500,
https://images.pexels.com/photos/4148018/pexels-photo-4148018.jpeg?auto=compress&cs=tinysrgb&dpr=1&w=500,
https://images.pexels.com/photos/5905745/pexels-photo-5905745.jpeg?auto=compress&cs=tinysrgb&dpr=1&w=500,
https://images.pexels.com/photos/4144294/pexels-photo-4144294.jpeg?auto=compress&cs=tinysrgb&dpr=1&w=500,
https://images.pexels.com/photos/4261790/pexels-photo-4261790.jpeg?auto=compress&cs=tinysrgb&dpr=1&w=500,
https://images.pexels.com/photos/5905709/pexels-photo-5905709.jpeg?auto=compress&cs=tinysrgb&dpr=1&w=500,
https://images.pexels.com/photos/280277/pexels-photo-280277.jpeg?auto=compress&cs=tinysrgb&dpr=1&w=500,
https://images.pexels.com/photos/4099099/pexels-photo-4099099.jpeg?auto=compress&cs=tinysrgb&dpr=1&w=500,
https://images.pexels.com/photos/2783873/pexels-photo-2783873.jpeg?auto=compress&cs=tinysrgb&dpr=1&w=500,
https://images.pexels.com/photos/3737300/pexels-photo-3737300.jpeg?auto=compress&cs=tinysrgb&dpr=1&w=500,
https://images.pexels.com/photos/3760809/pexels-photo-3760809.jpeg?auto=compress&cs=tinysrgb&dpr=1&w=500,
https://images.pexels.com/photos/4260639/pexels-photo-4260639.jpeg?auto=compress&cs=tinysrgb&dpr=1&w=500,
https://images.pexels.com/photos/2774556/pexels-photo-2774556.jpeg?auto=compress&cs=tinysrgb&dpr=1&w=500,
https://images.pexels.com/photos/4065876/pexels-photo-4065876.jpeg?auto=compress&cs=tinysrgb&dpr=1&w=500,
https://images.pexels.com/photos/4145349/pexels-photo-4145349.jpeg?auto=compress&cs=tinysrgb&dpr=1&w=500,
https://images.pexels.com/photos/3764496/pexels-photo-3764496.jpeg?auto=compress&cs=tinysrgb&dpr=1&w=500,
https://images.pexels.com/photos/3774903/pexels-photo-3774903.jpeg?auto=compress&cs=tinysrgb&dpr=1&w=500,
https://images.pexels.com/photos/4143792/pexels-photo-4143792.jpeg?auto=compress&cs=tinysrgb&dpr=1&w=500,
https://images.pexels.com/photos/4050404/pexels-photo-4050404.jpeg?auto=compress&cs=tinysrgb&dpr=1&w=500,
https://images.pexels.com/photos/865711/pexels-photo-865711.jpeg?auto=compress&cs=tinysrgb&dpr=1&w=500,
https://images.pexels.com/photos/3825558/pexels-photo-3825558.jpeg?auto=compress&cs=tinysrgb&dpr=1&w=500,
https://images.pexels.com/photos/4099325/pexels-photo-4099325.jpeg?auto=compress&cs=tinysrgb&dpr=1&w=500,
https://images.pexels.com/photos/1251083/pexels-photo-1251083.jpeg?auto=compress&cs=tinysrgb&dpr=1&w=500,
https://images.pexels.com/photos/4050415/pexels-photo-4050415.jpeg?auto=compress&cs=tinysrgb&dpr=1&w=500,
https://images.pexels.com/photos/936559/pexels-photo-936559.jpeg?auto=compress&cs=tinysrgb&dpr=1&w=500,
https://images.pexels.com/photos/614710/pexels-photo-614710.jpeg?auto=compress&cs=tinysrgb&dpr=1&w=500,
https://images.pexels.com/photos/4482936/pexels-photo-4482936.jpeg?auto=compress&cs=tinysrgb&dpr=1&w=500,
https://images.pexels.com/photos/1566421/pexels-photo-1566421.jpeg?auto=compress&cs=tinysrgb&dpr=1&w=500,
https://images.pexels.com/photos/4144223/pexels-photo-4144223.jpeg?auto=compress&cs=tinysrgb&dpr=1&w=500,
https://images.pexels.com/photos/4498159/pexels-photo-4498159.jpeg?auto=compress&cs=tinysrgb&dpr=1&w=500,
https://images.pexels.com/photos/4050345/pexels-photo-4050345.jpeg?auto=compress&cs=tinysrgb&dpr=1&w=500,
https://images.pexels.com/photos/2182727/pexels-photo-2182727.jpeg?auto=compress&cs=tinysrgb&dpr=1&w=500,
https://images.pexels.com/photos/4050284/pexels-photo-4050284.jpeg?auto=compress&cs=tinysrgb&dpr=1&w=500,
https://images.pexels.com/photos/3825539/pexels-photo-3825539.jpeg?auto=compress&cs=tinysrgb&dpr=1&w=500,
https://images.pexels.com/photos/2647792/pexels-photo-2647792.jpeg?auto=compress&cs=tinysrgb&dpr=1&w=500,
https://images.pexels.com/photos/4143795/pexels-photo-4143795.jpeg?auto=compress&cs=tinysrgb&dpr=1&w=500,
https://images.pexels.com/photos/3771088/pexels-photo-3771088.jpeg?auto=compress&cs=tinysrgb&dpr=1&w=500,
https://images.pexels.com/photos/4065877/pexels-photo-4065877.jpeg?auto=compress&cs=tinysrgb&dpr=1&w=500,
https://images.pexels.com/photos/5905747/pexels-photo-5905747.jpeg?auto=compress&cs=tinysrgb&dpr=1&w=500,
https://images.pexels.com/photos/4050367/pexels-photo-4050367.jpeg?auto=compress&cs=tinysrgb&dpr=1&w=500,
https://images.pexels.com/photos/4050346/pexels-photo-4050346.jpeg?auto=compress&cs=tinysrgb&dpr=1&w=500,
https://images.pexels.com/photos/4498317/pexels-photo-4498317.jpeg?auto=compress&cs=tinysrgb&dpr=1&w=500,
https://images.pexels.com/photos/3768225/pexels-photo-3768225.jpeg?auto=compress&cs=tinysrgb&dpr=1&w=500,
https://images.pexels.com/photos/604575/pexels-photo-604575.jpeg?auto=compress&cs=tinysrgb&dpr=1&w=500,
https://images.pexels.com/photos/125779/pexels-photo-125779.jpeg?auto=compress&cs=tinysrgb&dpr=1&w=500,
https://images.pexels.com/photos/1162519/pexels-photo-1162519.jpeg?auto=compress&cs=tinysrgb&dpr=1&w=500,
https://images.pexels.com/photos/209255/pexels-photo-209255.jpeg?auto=compress&cs=tinysrgb&dpr=1&w=500,
https://images.pexels.com/photos/2113994/pexels-photo-2113994.jpeg?auto=compress&cs=tinysrgb&dpr=1&w=500,
https://images.pexels.com/photos/1374128/pexels-photo-1374128.jpeg?auto=compress&cs=tinysrgb&dpr=1&w=500,
https://images.pexels.com/photos/277320/pexels-photo-277320.jpeg?auto=compress&cs=tinysrgb&dpr=1&w=500,
https://images.pexels.com/photos/364822/rolex-watch-time-luxury-364822.jpeg?auto=compress&cs=tinysrgb&dpr=1&w=500,
https://images.pexels.com/photos/859895/pexels-photo-859895.jpeg?auto=compress&cs=tinysrgb&dpr=1&w=500,
https://images.pexels.com/photos/678248/pexels-photo-678248.png?auto=compress&cs=tinysrgb&dpr=1&w=500,
https://images.pexels.com/photos/592815/pexels-photo-592815.jpeg?auto=compress&cs=tinysrgb&dpr=1&w=500,
https://images.pexels.com/photos/1120275/pexels-photo-1120275.jpeg?auto=compress&cs=tinysrgb&dpr=1&w=500,
https://images.pexels.com/photos/416339/pexels-photo-416339.jpeg?auto=compress&cs=tinysrgb&dpr=1&w=500,
https://images.pexels.com/photos/1172851/pexels-photo-1172851.jpeg?auto=compress&cs=tinysrgb&dpr=1&w=500,
https://images.pexels.com/photos/2442893/pexels-photo-2442893.jpeg?auto=compress&cs=tinysrgb&dpr=1&w=500,
https://images.pexels.com/photos/5058915/pexels-photo-5058915.jpeg?auto=compress&cs=tinysrgb&dpr=1&w=500,
https://images.pexels.com/photos/5058917/pexels-photo-5058917.jpeg?auto=compress&cs=tinysrgb&dpr=1&w=500,
https://images.pexels.com/photos/5058922/pexels-photo-5058922.jpeg?auto=compress&cs=tinysrgb&dpr=1&w=500,
https://images.pexels.com/photos/5058924/pexels-photo-5058924.jpeg?auto=compress&cs=tinysrgb&dpr=1&w=500,
https://images.pexels.com/photos/5060552/pexels-photo-5060552.jpeg?auto=compress&cs=tinysrgb&dpr=1&w=500,
https://images.pexels.com/photos/5060559/pexels-photo-5060559.jpeg?auto=compress&cs=tinysrgb&dpr=1&w=500,
https://images.pexels.com/photos/5053434/pexels-photo-5053434.jpeg?auto=compress&cs=tinysrgb&dpr=1&w=500,
https://images.pexels.com/photos/5052149/pexels-photo-5052149.jpeg?auto=compress&cs=tinysrgb&dpr=1&w=500,
https://images.pexels.com/photos/5060977/pexels-photo-5060977.jpeg?auto=compress&cs=tinysrgb&dpr=1&w=500,
https://images.pexels.com/photos/5060991/pexels-photo-5060991.jpeg?auto=compress&cs=tinysrgb&dpr=1&w=500,
https://images.pexels.com/photos/5061002/pexels-photo-5061002.jpeg?auto=compress&cs=tinysrgb&dpr=1&w=500,
https://images.pexels.com/photos/5061004/pexels-photo-5061004.jpeg?auto=compress&cs=tinysrgb&dpr=1&w=500,
https://images.pexels.com/photos/5061007/pexels-photo-5061007.jpeg?auto=compress&cs=tinysrgb&dpr=1&w=500,
https://images.pexels.com/photos/5061010/pexels-photo-5061010.jpeg?auto=compress&cs=tinysrgb&dpr=1&w=500,
https://images.pexels.com/photos/5256687/pexels-photo-5256687.jpeg?auto=compress&cs=tinysrgb&dpr=1&w=500,
https://images.pexels.com/photos/5556304/pexels-photo-5556304.jpeg?auto=compress&cs=tinysrgb&dpr=1&w=500,
https://images.pexels.com/photos/986831/pexels-photo-986831.jpeg?auto=compress&cs=tinysrgb&dpr=1&w=500,
https://images.pexels.com/photos/158741/gshock-watch-sports-watch-stopwatch-158741.jpeg?auto=compress&cs=tinysrgb&dpr=1&w=500,
https://images.pexels.com/photos/1563643/pexels-photo-1563643.jpeg?auto=compress&cs=tinysrgb&dpr=1&w=500,
https://images.pexels.com/photos/1137061/pexels-photo-1137061.jpeg?auto=compress&cs=tinysrgb&dpr=1&w=500,
https://images.pexels.com/photos/5538323/pexels-photo-5538323.jpeg?auto=compress&cs=tinysrgb&dpr=1&w=500,
https://images.pexels.com/photos/5425033/pexels-photo-5425033.jpeg?auto=compress&cs=tinysrgb&dpr=1&w=500,
https://images.pexels.com/photos/5425031/pexels-photo-5425031.jpeg?auto=compress&cs=tinysrgb&dpr=1&w=500,
https://images.pexels.com/photos/4916689/pexels-photo-4916689.jpeg?auto=compress&cs=tinysrgb&dpr=1&w=500,
https://images.pexels.com/photos/5239703/pexels-photo-5239703.jpeg?auto=compress&cs=tinysrgb&dpr=1&w=500,
https://images.pexels.com/photos/5239704/pexels-photo-5239704.jpeg?auto=compress&cs=tinysrgb&dpr=1&w=500,
https://images.pexels.com/photos/1004014/pexels-photo-1004014.jpeg?auto=compress&cs=tinysrgb&dpr=1&w=500,
https://images.pexels.com/photos/5302939/pexels-photo-5302939.jpeg?auto=compress&cs=tinysrgb&dpr=1&w=500,
https://images.pexels.com/photos/5301718/pexels-photo-5301718.jpeg?auto=compress&cs=tinysrgb&dpr=1&w=500,
https://images.pexels.com/photos/1051075/pexels-photo-1051075.jpeg?auto=compress&cs=tinysrgb&dpr=1&w=500,
https://images.pexels.com/photos/5239717/pexels-photo-5239717.jpeg?auto=compress&cs=tinysrgb&dpr=1&w=500,
https://images.pexels.com/photos/5895639/pexels-photo-5895639.jpeg?auto=compress&cs=tinysrgb&dpr=1&w=500,
https://images.pexels.com/photos/5895645/pexels-photo-5895645.jpeg?auto=compress&cs=tinysrgb&dpr=1&w=500,
https://images.pexels.com/photos/5895628/pexels-photo-5895628.jpeg?auto=compress&cs=tinysrgb&dpr=1&w=500,
https://images.pexels.com/photos/4801853/pexels-photo-4801853.jpeg?auto=compress&cs=tinysrgb&dpr=1&w=500,
https://images.pexels.com/photos/5501876/pexels-photo-5501876.png?auto=compress&cs=tinysrgb&dpr=1&w=500,
https://images.pexels.com/photos/6230455/pexels-photo-6230455.jpeg?auto=compress&cs=tinysrgb&dpr=1&w=500,
https://images.pexels.com/photos/5301716/pexels-photo-5301716.jpeg?auto=compress&cs=tinysrgb&dpr=1&w=500,
https://images.pexels.com/photos/5239739/pexels-photo-5239739.jpeg?auto=compress&cs=tinysrgb&dpr=1&w=500,
https://images.pexels.com/photos/5239701/pexels-photo-5239701.jpeg?auto=compress&cs=tinysrgb&dpr=1&w=500,
https://images.pexels.com/photos/5239698/pexels-photo-5239698.jpeg?auto=compress&cs=tinysrgb&dpr=1&w=500,
https://images.pexels.com/photos/5301697/pexels-photo-5301697.jpeg?auto=compress&cs=tinysrgb&dpr=1&w=500,
https://images.pexels.com/photos/4065864/pexels-photo-4065864.jpeg?auto=compress&cs=tinysrgb&dpr=1&w=500,
https://images.pexels.com/photos/4144923/pexels-photo-4144923.jpeg?auto=compress&cs=tinysrgb&dpr=1&w=500,
https://images.pexels.com/photos/3768894/pexels-photo-3768894.jpeg?auto=compress&cs=tinysrgb&dpr=1&w=500,
https://images.pexels.com/photos/3755755/pexels-photo-3755755.jpeg?auto=compress&cs=tinysrgb&dpr=1&w=500,
https://images.pexels.com/photos/3791664/pexels-photo-3791664.jpeg?auto=compress&cs=tinysrgb&dpr=1&w=500,
https://images.pexels.com/photos/4145190/pexels-photo-4145190.jpeg?auto=compress&cs=tinysrgb&dpr=1&w=500,
https://images.pexels.com/photos/1453008/pexels-photo-1453008.jpeg?auto=compress&cs=tinysrgb&dpr=1&w=500,
https://images.pexels.com/photos/4145153/pexels-photo-4145153.jpeg?auto=compress&cs=tinysrgb&dpr=1&w=500,
https://images.pexels.com/photos/267394/pexels-photo-267394.jpeg?auto=compress&cs=tinysrgb&dpr=1&w=500,
https://images.pexels.com/photos/691640/pexels-photo-691640.jpeg?auto=compress&cs=tinysrgb&dpr=1&w=500,
https://images.pexels.com/photos/3975583/pexels-photo-3975583.jpeg?auto=compress&cs=tinysrgb&dpr=1&w=500,
https://images.pexels.com/photos/1111597/pexels-photo-1111597.jpeg?auto=compress&cs=tinysrgb&dpr=1&w=500,
https://images.pexels.com/photos/3756681/pexels-photo-3756681.jpeg?auto=compress&cs=tinysrgb&dpr=1&w=500,
https://images.pexels.com/photos/3810792/pexels-photo-3810792.jpeg?auto=compress&cs=tinysrgb&dpr=1&w=500,
https://images.pexels.com/photos/5797997/pexels-photo-5797997.jpeg?auto=compress&cs=tinysrgb&dpr=1&w=500,
https://images.pexels.com/photos/4145355/pexels-photo-4145355.jpeg?auto=compress&cs=tinysrgb&dpr=1&w=500,
https://images.pexels.com/photos/3768911/pexels-photo-3768911.jpeg?auto=compress&cs=tinysrgb&dpr=1&w=500,
https://images.pexels.com/photos/277290/pexels-photo-277290.jpeg?auto=compress&cs=tinysrgb&dpr=1&w=500,
https://images.pexels.com/photos/4050349/pexels-photo-4050349.jpeg?auto=compress&cs=tinysrgb&dpr=1&w=500,
https://images.pexels.com/photos/3810796/pexels-photo-3810796.jpeg?auto=compress&cs=tinysrgb&dpr=1&w=500,
https://images.pexels.com/photos/4145354/pexels-photo-4145354.jpeg?auto=compress&cs=tinysrgb&dpr=1&w=500,
https://images.pexels.com/photos/4144040/pexels-photo-4144040.jpeg?auto=compress&cs=tinysrgb&dpr=1&w=500,
https://images.pexels.com/photos/3791614/pexels-photo-3791614.jpeg?auto=compress&cs=tinysrgb&dpr=1&w=500,
https://images.pexels.com/photos/4050334/pexels-photo-4050334.jpeg?auto=compress&cs=tinysrgb&dpr=1&w=500,
https://images.pexels.com/photos/1496647/pexels-photo-1496647.jpeg?auto=compress&cs=tinysrgb&dpr=1&w=500,
https://images.pexels.com/photos/3927387/pexels-photo-3927387.jpeg?auto=compress&cs=tinysrgb&dpr=1&w=500,
https://images.pexels.com/photos/3243090/pexels-photo-3243090.jpeg?auto=compress&cs=tinysrgb&dpr=1&w=500,
https://images.pexels.com/photos/3214772/pexels-photo-3214772.jpeg?auto=compress&cs=tinysrgb&dpr=1&w=500,
https://images.pexels.com/photos/1450083/pexels-photo-1450083.jpeg?auto=compress&cs=tinysrgb&dpr=1&w=500,
https://images.pexels.com/photos/4353618/pexels-photo-4353618.jpeg?auto=compress&cs=tinysrgb&dpr=1&w=500,
https://images.pexels.com/photos/447570/pexels-photo-447570.jpeg?auto=compress&cs=tinysrgb&dpr=1&w=500,
https://images.pexels.com/photos/3825569/pexels-photo-3825569.jpeg?auto=compress&cs=tinysrgb&dpr=1&w=500,
https://images.pexels.com/photos/4353619/pexels-photo-4353619.jpeg?auto=compress&cs=tinysrgb&dpr=1&w=500,
https://images.pexels.com/photos/3810790/pexels-photo-3810790.jpeg?auto=compress&cs=tinysrgb&dpr=1&w=500,
https://images.pexels.com/photos/1251085/pexels-photo-1251085.jpeg?auto=compress&cs=tinysrgb&dpr=1&w=500,
https://images.pexels.com/photos/4144228/pexels-photo-4144228.jpeg?auto=compress&cs=tinysrgb&dpr=1&w=500,
https://images.pexels.com/photos/4144224/pexels-photo-4144224.jpeg?auto=compress&cs=tinysrgb&dpr=1&w=500,
https://images.pexels.com/photos/4144225/pexels-photo-4144225.jpeg?auto=compress&cs=tinysrgb&dpr=1&w=500,
https://images.pexels.com/photos/3782463/pexels-photo-3782463.jpeg?auto=compress&cs=tinysrgb&dpr=1&w=500,
https://images.pexels.com/photos/4050399/pexels-photo-4050399.jpeg?auto=compress&cs=tinysrgb&dpr=1&w=500,
https://images.pexels.com/photos/1595387/pexels-photo-1595387.jpeg?auto=compress&cs=tinysrgb&dpr=1&w=500,
https://images.pexels.com/photos/4145197/pexels-photo-4145197.jpeg?auto=compress&cs=tinysrgb&dpr=1&w=500,
https://images.pexels.com/photos/277477/pexels-photo-277477.jpeg?auto=compress&cs=tinysrgb&dpr=1&w=500,
https://images.pexels.com/photos/697509/pexels-photo-697509.jpeg?auto=compress&cs=tinysrgb&dpr=1&w=500,
https://images.pexels.com/photos/3738673/pexels-photo-3738673.jpeg?auto=compress&cs=tinysrgb&dpr=1&w=500,
https://images.pexels.com/photos/4350210/pexels-photo-4350210.jpeg?auto=compress&cs=tinysrgb&dpr=1&w=500,
https://images.pexels.com/photos/4405244/pexels-photo-4405244.jpeg?auto=compress&cs=tinysrgb&dpr=1&w=500,
https://images.pexels.com/photos/4050424/pexels-photo-4050424.jpeg?auto=compress&cs=tinysrgb&dpr=1&w=500,
https://images.pexels.com/photos/5905748/pexels-photo-5905748.jpeg?auto=compress&cs=tinysrgb&dpr=1&w=500,
https://images.pexels.com/photos/3783522/pexels-photo-3783522.jpeg?auto=compress&cs=tinysrgb&dpr=1&w=500,
https://images.pexels.com/photos/4050356/pexels-photo-4050356.jpeg?auto=compress&cs=tinysrgb&dpr=1&w=500,
https://images.pexels.com/photos/4333571/pexels-photo-4333571.jpeg?auto=compress&cs=tinysrgb&dpr=1&w=500,
https://images.pexels.com/photos/393047/pexels-photo-393047.jpeg?auto=compress&cs=tinysrgb&dpr=1&w=500,
https://images.pexels.com/photos/4145195/pexels-photo-4145195.jpeg?auto=compress&cs=tinysrgb&dpr=1&w=500,
https://images.pexels.com/photos/3756345/pexels-photo-3756345.jpeg?auto=compress&cs=tinysrgb&dpr=1&w=500,
https://images.pexels.com/photos/545066/pexels-photo-545066.jpeg?auto=compress&cs=tinysrgb&dpr=1&w=500,
https://images.pexels.com/photos/4261789/pexels-photo-4261789.jpeg?auto=compress&cs=tinysrgb&dpr=1&w=500,
https://images.pexels.com/photos/4126750/pexels-photo-4126750.jpeg?auto=compress&cs=tinysrgb&dpr=1&w=500